new_moon,first_quarter_moon,full_moon,third_quarter_moon
1/1/1900,1/7/1900,1/15/1900,1/23/1900
1/30/1900,2/6/1900,2/14/1900,2/22/1900
3/1/1900,3/7/1900,3/16/1900,3/23/1900
3/30/1900,4/6/1900,4/14/1900,4/22/1900
4/28/1900,5/6/1900,5/14/1900,5/21/1900
5/28/1900,6/4/1900,6/12/1900,6/19/1900
6/26/1900,7/4/1900,7/12/1900,7/18/1900
7/26/1900,8/3/1900,8/10/1900,8/17/1900
8/24/1900,9/2/1900,9/8/1900,9/15/1900
9/23/1900,10/1/1900,10/8/1900,10/15/1900
10/23/1900,10/31/1900,11/6/1900,11/13/1900
11/21/1900,11/29/1900,12/6/1900,12/13/1900
12/21/1900,12/28/1900,1/4/1901,1/12/1901
1/20/1901,1/27/1901,2/3/1901,2/11/1901
2/18/1901,2/25/1901,3/5/1901,3/13/1901
3/20/1901,3/26/1901,4/3/1901,4/11/1901
4/18/1901,4/25/1901,5/3/1901,5/11/1901
5/17/1901,5/24/1901,6/2/1901,6/9/1901
6/16/1901,6/23/1901,7/1/1901,7/8/1901
7/15/1901,7/23/1901,7/31/1901,8/7/1901
8/14/1901,8/21/1901,8/29/1901,9/5/1901
9/12/1901,9/20/1901,9/27/1901,10/4/1901
10/12/1901,10/20/1901,10/27/1901,11/2/1901
11/10/1901,11/19/1901,11/25/1901,12/2/1901
12/10/1901,12/18/1901,12/25/1901,1/1/1902
1/9/1902,1/16/1902,1/23/1902,1/31/1902
2/8/1902,2/15/1902,2/22/1902,3/2/1902
3/9/1902,3/16/1902,3/23/1902,3/31/1902
4/8/1902,4/14/1902,4/22/1902,4/30/1902
5/7/1902,5/14/1902,5/22/1902,5/30/1902
6/5/1902,6/12/1902,6/20/1902,6/28/1902
7/5/1902,7/12/1902,7/20/1902,7/27/1902
8/3/1902,8/10/1902,8/18/1902,8/26/1902
9/1/1902,9/9/1902,9/17/1902,9/24/1902
10/1/1902,10/9/1902,10/16/1902,10/23/1902
10/31/1902,11/8/1902,11/15/1902,11/21/1902
11/29/1902,12/7/1902,12/14/1902,12/21/1902
12/29/1902,1/6/1903,1/13/1903,1/20/1903
1/28/1903,2/5/1903,2/11/1903,2/18/1903
2/27/1903,3/6/1903,3/13/1903,3/20/1903
3/28/1903,4/4/1903,4/11/1903,4/19/1903
4/27/1903,5/3/1903,5/11/1903,5/19/1903
5/26/1903,6/2/1903,6/9/1903,6/17/1903
6/24/1903,7/1/1903,7/9/1903,7/17/1903
7/24/1903,7/30/1903,8/8/1903,8/15/1903
8/22/1903,8/29/1903,9/6/1903,9/14/1903
9/20/1903,9/28/1903,10/6/1903,10/13/1903
10/20/1903,10/28/1903,11/4/1903,11/11/1903
11/18/1903,11/26/1903,12/4/1903,12/11/1903
12/18/1903,12/26/1903,1/2/1904,1/9/1904
1/17/1904,1/25/1904,2/1/1904,2/8/1904
2/16/1904,2/24/1904,3/1/1904,3/8/1904
3/16/1904,3/24/1904,3/31/1904,4/7/1904
4/15/1904,4/22/1904,4/29/1904,5/7/1904
5/15/1904,5/22/1904,5/29/1904,6/5/1904
6/13/1904,6/20/1904,6/27/1904,7/5/1904
7/12/1904,7/19/1904,7/27/1904,8/4/1904
8/11/1904,8/17/1904,8/25/1904,9/2/1904
9/9/1904,9/16/1904,9/24/1904,10/2/1904
10/8/1904,10/15/1904,10/24/1904,10/31/1904
11/7/1904,11/14/1904,11/22/1904,11/29/1904
12/6/1904,12/14/1904,12/22/1904,12/29/1904
1/5/1905,1/13/1905,1/20/1905,1/27/1905
2/4/1905,2/12/1905,2/19/1905,2/26/1905
3/5/1905,3/14/1905,3/20/1905,3/27/1905
4/4/1905,4/12/1905,4/19/1905,4/26/1905
5/4/1905,5/11/1905,5/18/1905,5/25/1905
6/2/1905,6/10/1905,5/29/1905,6/24/1905
6/24/1905,6/24/1905,6/16/1905,6/25/1905
7/2/1905,7/5/1905,6/24/1905,7/6/1905
7/5/1905,7/9/1905,6/25/1905,7/24/1905
7/31/1905,8/7/1905,7/5/1905,8/22/1905
8/30/1905,9/5/1905,7/6/1905,9/21/1905
9/28/1905,10/5/1905,7/16/1905,10/21/1905
10/27/1905,11/3/1905,8/14/1905,11/19/1905
11/26/1905,12/3/1905,9/13/1905,12/19/1905
12/25/1905,1/2/1906,10/13/1905,1/17/1906
1/24/1906,2/1/1906,11/11/1905,2/15/1906
2/22/1906,3/3/1906,12/11/1905,3/17/1906
3/24/1906,4/1/1906,1/10/1906,4/15/1906
4/23/1906,5/1/1906,2/8/1906,5/14/1906
5/23/1906,5/30/1906,3/10/1906,6/13/1906
6/21/1906,6/29/1906,4/8/1906,7/13/1906
7/21/1906,7/28/1906,5/8/1906,8/11/1906
8/19/1906,8/26/1906,6/6/1906,9/10/1906
9/18/1906,9/24/1906,7/5/1906,10/10/1906
10/17/1906,10/24/1906,8/4/1906,11/9/1906
11/16/1906,11/22/1906,9/2/1906,12/8/1906
12/15/1906,12/22/1906,10/2/1906,1/7/1907
1/13/1907,1/21/1907,10/31/1906,2/5/1907
2/12/1907,2/19/1907,11/30/1906,3/7/1907
3/13/1907,3/21/1907,12/30/1906,4/5/1907
4/12/1907,4/20/1907,1/29/1907,5/4/1907
5/12/1907,5/20/1907,2/27/1907,6/2/1907
6/10/1907,6/18/1907,3/29/1907,7/2/1907
7/10/1907,7/18/1907,4/27/1907,7/31/1907
8/8/1907,8/16/1907,5/27/1907,8/30/1907
9/7/1907,9/14/1907,6/25/1907,9/29/1907
10/7/1907,10/14/1907,7/24/1907,10/28/1907
11/5/1907,11/12/1907,8/23/1907,11/27/1907
12/5/1907,12/11/1907,9/21/1907,12/27/1907
1/3/1908,1/10/1908,10/21/1907,1/26/1908
2/2/1908,2/8/1908,11/19/1907,2/24/1908
3/2/1908,3/9/1908,12/19/1907,3/25/1908
3/31/1908,4/8/1908,1/18/1908,4/23/1908
4/30/1908,5/8/1908,2/17/1908,5/22/1908
5/29/1908,6/6/1908,3/17/1908,6/20/1908
6/28/1908,7/6/1908,4/16/1908,7/20/1908
7/27/1908,8/5/1908,5/15/1908,8/18/1908
8/26/1908,9/3/1908,6/14/1908,9/17/1908
9/25/1908,10/2/1908,7/13/1908,10/16/1908
10/24/1908,11/1/1908,8/11/1908,11/15/1908
11/23/1908,11/30/1908,9/10/1908,12/15/1908
12/23/1908,12/29/1908,10/9/1908,1/14/1909
1/21/1909,1/28/1909,11/7/1908,2/13/1909
2/20/1909,2/26/1909,12/7/1908,3/14/1909
3/21/1909,3/28/1909,1/6/1909,4/13/1909
4/19/1909,4/27/1909,2/5/1909,5/12/1909
5/19/1909,5/26/1909,3/6/1909,6/10/1909
6/17/1909,6/25/1909,4/5/1909,7/9/1909
7/17/1909,7/25/1909,5/5/1909,8/8/1909
8/15/1909,8/23/1909,6/3/1909,9/6/1909
9/14/1909,9/22/1909,7/3/1909,10/5/1909
10/14/1909,10/21/1909,8/1/1909,11/4/1909
11/12/1909,11/20/1909,8/30/1909,12/4/1909
12/12/1909,12/19/1909,9/29/1909,1/3/1910
1/11/1910,1/18/1910,10/28/1909,2/2/1910
2/9/1910,2/16/1910,11/27/1909,3/3/1910
3/11/1910,3/17/1910,12/26/1909,4/2/1910
4/9/1910,4/16/1910,1/25/1910,5/2/1910
5/8/1910,5/15/1910,2/23/1910,5/31/1910
6/7/1910,6/14/1910,3/25/1910,6/29/1910
7/6/1910,7/14/1910,4/24/1910,7/29/1910
8/4/1910,8/12/1910,5/23/1910,8/27/1910
9/3/1910,9/11/1910,6/22/1910,9/25/1910
10/3/1910,10/11/1910,7/22/1910,10/24/1910
11/1/1910,11/9/1910,8/20/1910,11/23/1910
12/1/1910,12/9/1910,9/18/1910,12/23/1910
12/31/1910,1/7/1911,10/18/1910,1/21/1911
1/30/1911,2/6/1911,11/16/1910,2/20/1911
2/28/1911,3/7/1911,12/16/1910,3/22/1911
3/30/1911,4/5/1911,1/14/1911,4/21/1911
4/28/1911,5/5/1911,2/13/1911,5/21/1911
5/27/1911,6/3/1911,3/14/1911,6/19/1911
6/26/1911,7/3/1911,4/13/1911,7/18/1911
7/25/1911,8/1/1911,5/12/1911,8/17/1911
8/23/1911,8/31/1911,6/11/1911,9/15/1911
9/22/1911,9/30/1911,7/11/1911,10/14/1911
10/21/1911,10/29/1911,8/9/1911,11/12/1911
11/20/1911,11/28/1911,9/8/1911,12/12/1911
12/20/1911,12/28/1911,10/7/1911,1/10/1912
1/19/1912,1/27/1912,11/6/1911,2/9/1912
2/17/1912,2/25/1912,12/5/1911,3/10/1912
3/18/1912,3/25/1912,1/4/1912,4/9/1912
4/17/1912,4/24/1912,2/2/1912,5/9/1912
5/16/1912,5/23/1912,3/3/1912,6/7/1912
6/14/1912,6/21/1912,4/1/1912,7/7/1912
7/14/1912,7/20/1912,5/1/1912,8/5/1912
8/12/1912,8/19/1912,5/30/1912,9/4/1912
9/10/1912,9/17/1912,6/29/1912,10/3/1912
10/10/1912,10/17/1912,7/28/1912,11/1/1912
11/8/1912,11/16/1912,8/27/1912,12/1/1912
12/8/1912,12/16/1912,9/26/1912,12/30/1912
1/7/1913,1/15/1913,10/25/1912,1/28/1913
2/5/1913,2/14/1913,11/24/1912,2/27/1913
3/7/1913,3/15/1913,12/23/1912,3/29/1913
4/6/1913,4/13/1913,1/22/1913,4/27/1913
5/6/1913,5/13/1913,2/20/1913,5/27/1913
6/4/1913,6/11/1913,3/22/1913,6/26/1913
7/3/1913,7/10/1913,4/20/1913,7/26/1913
8/2/1913,8/8/1913,5/19/1913,8/24/1913
8/31/1913,9/7/1913,6/18/1913,9/23/1913
9/29/1913,10/6/1913,7/17/1913,10/22/1913
10/29/1913,11/5/1913,8/16/1913,11/20/1913
11/27/1913,12/5/1913,9/15/1913,12/20/1913
12/27/1913,1/4/1914,10/14/1913,1/18/1914
1/25/1914,2/3/1914,11/13/1913,2/17/1914
2/24/1914,3/4/1914,12/13/1913,3/18/1914
3/26/1914,4/3/1914,1/11/1914,4/16/1914
4/25/1914,5/2/1914,2/10/1914,5/16/1914
5/24/1914,6/1/1914,3/11/1914,6/15/1914
6/23/1914,6/30/1914,4/10/1914,7/14/1914
7/22/1914,7/29/1914,5/9/1914,8/13/1914
8/21/1914,8/27/1914,6/7/1914,9/12/1914
9/19/1914,9/26/1914,7/7/1914,10/12/1914
10/18/1914,10/25/1914,8/5/1914,11/10/1914
11/17/1914,11/24/1914,9/4/1914,12/10/1914
12/16/1914,12/24/1914,10/3/1914,1/8/1915
1/15/1915,1/22/1915,11/2/1914,2/6/1915
2/13/1915,2/21/1915,12/2/1914,3/8/1915
3/15/1915,3/23/1915,1/1/1915,4/6/1915
4/14/1915,4/22/1915,1/30/1915,5/5/1915
5/13/1915,5/21/1915,3/1/1915,6/4/1915
6/12/1915,6/20/1915,3/30/1915,7/3/1915
7/12/1915,7/19/1915,4/29/1915,8/2/1915
8/10/1915,8/17/1915,5/28/1915,9/1/1915
9/9/1915,9/15/1915,6/26/1915,10/1/1915
10/8/1915,10/15/1915,7/26/1915,10/30/1915
11/6/1915,11/13/1915,8/24/1915,11/29/1915
12/6/1915,12/13/1915,9/23/1915,12/29/1915
1/4/1916,1/11/1916,10/22/1915,1/27/1916
2/3/1916,2/10/1916,11/21/1915,2/26/1916
3/3/1916,3/11/1916,12/21/1915,3/26/1916
4/2/1916,4/10/1916,1/20/1916,4/24/1916
5/1/1916,5/10/1916,2/18/1916,5/23/1916
5/31/1916,6/8/1916,3/19/1916,6/22/1916
6/30/1916,7/8/1916,4/17/1916,7/21/1916
7/29/1916,8/6/1916,5/17/1916,8/20/1916
8/28/1916,9/4/1916,6/15/1916,9/18/1916
9/26/1916,10/4/1916,7/14/1916,10/18/1916
10/26/1916,11/2/1916,8/13/1916,11/17/1916
11/25/1916,12/1/1916,9/11/1916,12/17/1916
12/24/1916,12/31/1916,10/10/1916,1/16/1917
1/22/1917,1/29/1917,11/9/1916,2/14/1917
2/21/1917,2/28/1917,12/9/1916,3/16/1917
3/22/1917,3/30/1917,1/7/1917,4/14/1917
4/21/1917,4/28/1917,2/6/1917,5/13/1917
5/20/1917,5/28/1917,3/8/1917,6/11/1917
6/19/1917,6/27/1917,4/7/1917,7/11/1917
7/18/1917,7/26/1917,5/6/1917,8/9/1917
8/17/1917,8/25/1917,6/5/1917,9/7/1917
9/16/1917,9/23/1917,7/4/1917,10/7/1917
10/15/1917,10/23/1917,8/2/1917,11/6/1917
11/14/1917,11/21/1917,9/1/1917,12/6/1917
12/14/1917,12/20/1917,9/30/1917,1/5/1918
1/12/1918,1/19/1918,10/29/1917,2/3/1918
2/11/1918,2/17/1918,11/28/1917,3/5/1918
3/12/1918,3/19/1918,12/28/1917,4/4/1918
4/10/1918,4/17/1918,1/26/1918,5/3/1918
5/10/1918,5/17/1918,2/25/1918,6/1/1918
6/8/1918,6/16/1918,3/27/1918,7/1/1918
7/8/1918,7/15/1918,4/26/1918,7/30/1918
8/6/1918,8/14/1918,5/25/1918,8/28/1918
9/5/1918,9/13/1918,6/24/1918,9/26/1918
10/4/1918,10/12/1918,7/23/1918,10/26/1918
11/3/1918,11/11/1918,8/21/1918,11/25/1918
12/3/1918,12/10/1918,9/20/1918,12/24/1918
1/2/1919,1/9/1919,10/19/1918,1/23/1919
1/31/1919,2/7/1919,11/17/1918,2/22/1919
3/2/1919,3/8/1919,12/17/1918,3/24/1919
3/31/1919,4/7/1919,1/16/1919,4/23/1919
4/29/1919,5/6/1919,2/14/1919,5/22/1919
5/29/1919,6/5/1919,3/16/1919,6/20/1919
6/27/1919,7/4/1919,4/15/1919,7/20/1919
7/26/1919,8/3/1919,5/14/1919,8/18/1919
8/25/1919,9/2/1919,6/13/1919,9/16/1919
9/23/1919,10/2/1919,7/12/1919,10/15/1919
10/23/1919,10/31/1919,8/11/1919,11/14/1919
11/22/1919,11/30/1919,9/9/1919,12/13/1919
12/22/1919,12/29/1919,10/9/1919,1/12/1920
1/20/1920,1/28/1920,11/7/1919,2/11/1920
2/19/1920,2/26/1920,12/7/1919,3/12/1920
3/20/1920,3/26/1920,1/5/1920,4/11/1920
4/18/1920,4/25/1920,2/4/1920,5/10/1920
5/17/1920,5/24/1920,3/4/1920,6/9/1920
6/16/1920,6/22/1920,4/3/1920,7/8/1920
7/15/1920,7/22/1920,5/2/1920,8/7/1920
8/13/1920,8/21/1920,6/1/1920,9/5/1920
9/12/1920,9/19/1920,7/1/1920,10/4/1920
10/11/1920,10/19/1920,7/30/1920,11/2/1920
11/10/1920,11/18/1920,8/29/1920,12/2/1920
12/10/1920,12/18/1920,9/27/1920,12/31/1920
1/8/1921,1/16/1921,10/27/1920,1/30/1921
2/7/1921,2/15/1921,11/25/1920,3/1/1921
3/9/1921,3/16/1921,12/25/1920,3/31/1921
4/8/1921,4/15/1921,1/23/1921,4/29/1921
5/7/1921,5/14/1921,2/22/1921,5/29/1921
6/5/1921,6/12/1921,3/23/1921,6/28/1921
7/5/1921,7/11/1921,4/21/1921,7/27/1921
8/3/1921,8/10/1921,5/21/1921,8/26/1921
9/1/1921,9/8/1921,6/20/1921,9/24/1921
10/1/1921,10/8/1921,7/19/1921,10/23/1921
10/30/1921,11/7/1921,8/18/1921,11/22/1921
11/29/1921,12/7/1921,9/16/1921,12/21/1921
12/28/1921,1/6/1922,10/16/1921,1/19/1922
1/27/1922,2/4/1922,11/15/1921,2/18/1922
2/26/1922,3/6/1922,12/14/1921,3/20/1922
3/28/1922,4/4/1922,1/13/1922,4/18/1922
4/26/1922,5/4/1922,2/11/1922,5/18/1922
5/26/1922,6/2/1922,3/13/1922,6/17/1922
6/24/1922,7/1/1922,4/11/1922,7/16/1922
7/24/1922,7/30/1922,5/10/1922,8/15/1922
8/22/1922,8/29/1922,6/9/1922,9/14/1922
9/20/1922,9/27/1922,7/8/1922,10/13/1922
10/20/1922,10/27/1922,8/7/1922,11/11/1922
11/18/1922,11/26/1922,9/5/1922,12/11/1922
12/18/1922,12/25/1922,10/5/1922,1/9/1923
1/16/1923,1/24/1923,11/4/1922,2/8/1923
2/15/1923,2/23/1923,12/4/1922,3/9/1923
3/17/1923,3/25/1923,1/2/1923,4/7/1923
4/15/1923,4/23/1923,2/1/1923,5/7/1923
5/15/1923,5/23/1923,3/2/1923,6/6/1923
6/14/1923,6/21/1923,4/1/1923,7/5/1923
7/13/1923,7/20/1923,4/30/1923,8/4/1923
8/12/1923,8/18/1923,5/29/1923,9/3/1923
9/10/1923,9/17/1923,6/28/1923,10/2/1923
10/9/1923,10/16/1923,7/27/1923,11/1/1923
11/8/1923,11/15/1923,8/26/1923,12/1/1923
12/7/1923,12/14/1923,9/24/1923,12/30/1923
1/6/1924,1/13/1924,10/24/1923,1/28/1924
2/4/1924,2/12/1924,11/23/1923,2/27/1924
3/5/1924,3/13/1924,12/22/1923,3/27/1924
4/3/1924,4/12/1924,1/21/1924,4/25/1924
5/3/1924,5/11/1924,2/20/1924,5/25/1924
6/2/1924,6/10/1924,3/20/1924,6/23/1924
7/1/1924,7/9/1924,4/19/1924,7/23/1924
7/31/1924,8/7/1924,5/18/1924,8/22/1924
8/30/1924,9/6/1924,6/16/1924,9/20/1924
9/28/1924,10/5/1924,7/16/1924,10/20/1924
10/27/1924,11/3/1924,8/14/1924,11/19/1924
11/26/1924,12/3/1924,9/12/1924,12/19/1924
12/25/1924,1/1/1925,10/12/1924,1/17/1925
1/24/1925,1/31/1925,11/11/1924,2/16/1925
2/22/1925,3/2/1925,12/10/1924,3/17/1925
3/24/1925,4/1/1925,1/9/1925,4/15/1925
4/22/1925,4/30/1925,2/8/1925,5/14/1925
5/22/1925,5/30/1925,3/10/1925,6/13/1925
6/20/1925,6/29/1925,4/8/1925,7/12/1925
7/20/1925,7/28/1925,5/8/1925,8/11/1925
8/19/1925,8/26/1925,6/6/1925,9/9/1925
9/17/1925,9/25/1925,7/5/1925,10/9/1925
10/17/1925,10/24/1925,8/4/1925,11/8/1925
11/15/1925,11/22/1925,9/2/1925,12/8/1925
12/15/1925,12/22/1925,10/1/1925,1/6/1926
1/13/1926,1/20/1926,10/31/1925,2/5/1926
2/12/1926,2/19/1926,11/30/1925,3/7/1926
3/13/1926,3/20/1926,12/29/1925,4/5/1926
4/12/1926,4/19/1926,1/28/1926,5/4/1926
5/11/1926,5/19/1926,2/27/1926,6/3/1926
6/10/1926,6/18/1926,3/29/1926,7/2/1926
7/9/1926,7/17/1926,4/27/1926,7/31/1926
8/8/1926,8/16/1926,5/27/1926,8/29/1926
9/6/1926,9/14/1926,6/25/1926,9/28/1926
10/6/1926,10/14/1926,7/24/1926,10/28/1926
11/5/1926,11/12/1926,8/23/1926,11/26/1926
12/4/1926,12/11/1926,9/21/1926,12/26/1926
1/3/1927,1/10/1927,10/20/1926,1/25/1927
2/2/1927,2/8/1927,11/19/1926,2/24/1927
3/3/1927,3/10/1927,12/18/1926,3/26/1927
4/1/1927,4/8/1927,1/17/1927,4/24/1927
5/1/1927,5/8/1927,2/16/1927,5/23/1927
5/30/1927,6/6/1927,3/18/1927,6/22/1927
6/28/1927,7/6/1927,4/16/1927,7/21/1927
7/28/1927,8/5/1927,5/16/1927,8/19/1927
8/26/1927,9/4/1927,6/15/1927,9/17/1927
9/25/1927,10/3/1927,7/14/1927,10/17/1927
10/25/1927,11/2/1927,8/12/1927,11/15/1927
11/24/1927,12/1/1927,9/11/1927,12/15/1927
12/23/1927,12/31/1927,10/10/1927,1/14/1928
1/22/1928,1/29/1928,11/8/1927,2/13/1928
2/21/1928,2/27/1928,12/8/1927,3/14/1928
3/21/1928,3/28/1928,1/6/1928,4/13/1928
4/19/1928,4/26/1928,2/5/1928,5/12/1928
5/19/1928,5/26/1928,3/6/1928,6/10/1928
6/17/1928,6/24/1928,4/4/1928,7/10/1928
7/16/1928,7/24/1928,5/4/1928,8/8/1928
8/15/1928,8/23/1928,6/3/1928,9/6/1928
9/13/1928,9/21/1928,7/2/1928,10/5/1928
10/13/1928,10/21/1928,8/1/1928,11/4/1928
11/12/1928,11/20/1928,8/30/1928,12/3/1928
12/11/1928,12/19/1928,9/29/1928,1/2/1929
1/10/1929,1/18/1929,10/28/1928,2/1/1929
2/9/1929,2/16/1929,11/27/1928,3/3/1929
3/11/1929,3/17/1929,12/26/1928,4/1/1929
4/9/1929,4/16/1929,1/24/1929,5/1/1929
5/8/1929,5/15/1929,2/23/1929,5/31/1929
6/7/1929,6/13/1929,3/24/1929,6/29/1929
7/6/1929,7/13/1929,4/23/1929,7/29/1929
8/4/1929,8/11/1929,5/23/1929,8/27/1929
9/3/1929,9/10/1929,6/21/1929,9/25/1929
10/2/1929,10/10/1929,7/21/1929,10/25/1929
11/1/1929,11/9/1929,8/20/1929,11/23/1929
11/30/1929,12/9/1929,9/18/1929,12/22/1929
12/30/1929,1/7/1930,10/18/1929,1/21/1930
1/29/1930,2/6/1930,11/16/1929,2/20/1930
2/28/1930,3/7/1930,12/16/1929,3/21/1930
3/29/1930,4/6/1930,1/14/1930,4/20/1930
4/28/1930,5/5/1930,2/13/1930,5/20/1930
5/27/1930,6/3/1930,3/14/1930,6/19/1930
6/26/1930,7/2/1930,4/12/1930,7/18/1930
7/25/1930,8/1/1930,5/12/1930,8/17/1930
8/23/1930,8/30/1930,6/10/1930,9/15/1930
9/22/1930,9/29/1930,7/10/1930,10/14/1930
10/21/1930,10/29/1930,8/9/1930,11/13/1930
11/20/1930,11/27/1930,9/7/1930,12/12/1930
12/19/1930,12/27/1930,10/7/1930,1/10/1931
1/18/1931,1/26/1931,11/6/1930,2/9/1931
2/17/1931,2/25/1931,12/5/1930,3/10/1931
3/18/1931,3/26/1931,1/4/1931,4/9/1931
4/17/1931,4/25/1931,2/2/1931,5/9/1931
5/17/1931,5/24/1931,3/4/1931,6/7/1931
6/15/1931,6/22/1931,4/2/1931,7/7/1931
7/15/1931,7/21/1931,5/1/1931,8/6/1931
8/13/1931,8/20/1931,5/31/1931,9/4/1931
9/11/1931,9/18/1931,6/29/1931,10/4/1931
10/11/1931,10/18/1931,7/29/1931,11/2/1931
11/9/1931,11/16/1931,8/27/1931,12/2/1931
12/9/1931,12/16/1931,9/26/1931,12/31/1931
1/7/1932,1/15/1932,10/26/1931,1/30/1932
2/6/1932,2/14/1932,11/24/1931,2/28/1932
3/6/1932,3/15/1932,12/24/1931,3/28/1932
4/5/1932,4/13/1932,1/23/1932,4/27/1932
5/5/1932,5/13/1932,2/21/1932,5/26/1932
6/4/1932,6/11/1932,3/22/1932,6/25/1932
7/3/1932,7/10/1932,4/20/1932,7/25/1932
8/2/1932,8/8/1932,5/19/1932,8/23/1932
8/31/1932,9/7/1932,6/18/1932,9/22/1932
9/29/1932,10/6/1932,7/17/1932,10/22/1932
10/29/1932,11/4/1932,8/15/1932,11/20/1932
11/27/1932,12/4/1932,9/14/1932,12/20/1932
12/27/1932,1/3/1933,10/14/1932,1/18/1933
1/25/1933,2/2/1933,11/12/1932,2/17/1933
2/24/1933,3/4/1933,12/12/1932,3/18/1933
3/25/1933,4/2/1933,1/11/1933,4/16/1933
4/24/1933,5/2/1933,2/10/1933,5/16/1933
5/24/1933,6/1/1933,3/11/1933,6/14/1933
6/22/1933,6/30/1933,4/10/1933,7/14/1933
7/22/1933,7/29/1933,5/9/1933,8/12/1933
8/20/1933,8/28/1933,6/7/1933,9/11/1933
9/19/1933,9/26/1933,7/7/1933,10/11/1933
10/18/1933,10/25/1933,8/5/1933,11/10/1933
11/17/1933,11/23/1933,9/3/1933,12/9/1933
12/16/1933,12/23/1933,10/3/1933,1/8/1934
1/15/1934,1/22/1934,11/1/1933,2/7/1934
2/13/1934,2/20/1934,12/1/1933,3/8/1934
3/15/1934,3/22/1934,12/31/1933,4/6/1934
4/13/1934,4/21/1934,1/30/1934,5/5/1934
5/13/1934,5/21/1934,3/1/1934,6/4/1934
6/11/1934,6/19/1934,3/30/1934,7/3/1934
7/11/1934,7/19/1934,4/29/1934,8/1/1934
8/10/1934,8/17/1934,5/28/1934,8/31/1934
9/8/1934,9/16/1934,6/26/1934,9/30/1934
10/8/1934,10/15/1934,7/26/1934,10/30/1934
11/6/1934,11/13/1934,8/24/1934,11/28/1934
12/6/1934,12/13/1934,9/22/1934,12/28/1934
1/4/1935,1/11/1935,10/22/1934,1/27/1935
2/3/1935,2/10/1935,11/20/1934,2/26/1935
3/4/1935,3/11/1935,12/20/1934,3/27/1935
4/3/1935,4/10/1935,1/19/1935,4/25/1935
5/2/1935,5/10/1935,2/18/1935,5/25/1935
5/31/1935,6/8/1935,3/19/1935,6/23/1935
6/30/1935,7/8/1935,4/18/1935,7/22/1935
7/30/1935,8/7/1935,5/18/1935,8/20/1935
8/28/1935,9/5/1935,6/16/1935,9/19/1935
9/27/1935,10/5/1935,7/15/1935,10/18/1935
10/27/1935,11/3/1935,8/14/1935,11/17/1935
11/25/1935,12/2/1935,9/12/1935,12/17/1935
12/25/1935,1/1/1936,10/11/1935,1/16/1936
1/23/1936,1/30/1936,11/10/1935,2/15/1936
2/22/1936,2/29/1936,12/9/1935,3/16/1936
3/22/1936,3/29/1936,1/8/1936,4/14/1936
4/21/1936,4/28/1936,2/7/1936,5/13/1936
5/20/1936,5/27/1936,3/7/1936,6/12/1936
6/18/1936,6/26/1936,4/6/1936,7/11/1936
7/18/1936,7/26/1936,5/6/1936,8/9/1936
8/16/1936,8/24/1936,6/4/1936,9/7/1936
9/15/1936,9/23/1936,7/4/1936,10/7/1936
10/15/1936,10/23/1936,8/2/1936,11/5/1936
11/13/1936,11/21/1936,9/1/1936,12/5/1936
12/13/1936,12/21/1936,9/30/1936,1/4/1937
1/12/1937,1/19/1937,10/29/1936,2/3/1937
2/10/1937,2/17/1937,11/28/1936,3/5/1937
3/12/1937,3/19/1937,12/27/1936,4/3/1937
4/10/1937,4/17/1937,1/26/1937,5/3/1937
5/10/1937,5/16/1937,2/24/1937,6/1/1937
6/8/1937,6/15/1937,3/26/1937,7/1/1937
7/7/1937,7/15/1937,4/25/1937,7/30/1937
8/6/1937,8/13/1937,5/24/1937,8/28/1937
9/4/1937,9/12/1937,6/23/1937,9/26/1937
10/4/1937,10/12/1937,7/23/1937,10/26/1937
11/2/1937,11/11/1937,8/21/1937,11/24/1937
12/2/1937,12/10/1937,9/20/1937,12/24/1937
1/1/1938,1/9/1938,10/19/1937,1/23/1938
1/31/1938,2/7/1938,11/18/1937,2/21/1938
3/1/1938,3/9/1938,12/17/1937,3/23/1938
3/31/1938,4/7/1938,1/15/1938,4/22/1938
4/29/1938,5/6/1938,2/14/1938,5/22/1938
5/29/1938,6/4/1938,3/15/1938,6/20/1938
6/27/1938,7/4/1938,4/14/1938,7/20/1938
7/26/1938,8/2/1938,5/14/1938,8/18/1938
8/25/1938,9/1/1938,6/12/1938,9/16/1938
9/23/1938,10/1/1938,7/12/1938,10/16/1938
10/23/1938,10/30/1938,8/10/1938,11/14/1938
11/21/1938,11/29/1938,9/9/1938,12/13/1938
12/21/1938,12/29/1938,10/9/1938,1/12/1939
1/20/1939,1/28/1939,11/7/1938,2/10/1939
2/19/1939,2/26/1939,12/7/1938,3/12/1939
3/20/1939,3/28/1939,1/5/1939,4/11/1939
4/19/1939,4/26/1939,2/3/1939,5/11/1939
5/18/1939,5/25/1939,3/5/1939,6/9/1939
6/17/1939,6/23/1939,4/3/1939,7/9/1939
7/16/1939,7/23/1939,5/3/1939,8/8/1939
8/14/1939,8/21/1939,6/1/1939,9/6/1939
9/13/1939,9/20/1939,7/1/1939,10/5/1939
10/12/1939,10/19/1939,7/30/1939,11/4/1939
11/10/1939,11/18/1939,8/29/1939,12/3/1939
12/10/1939,12/18/1939,9/28/1939,1/1/1940
1/9/1940,1/17/1940,10/27/1939,1/31/1940
2/7/1940,2/16/1940,11/26/1939,2/29/1940
3/8/1940,3/16/1940,12/26/1939,3/30/1940
4/7/1940,4/15/1940,1/24/1940,4/28/1940
5/7/1940,5/14/1940,2/23/1940,5/28/1940
6/5/1940,6/12/1940,3/23/1940,6/27/1940
7/5/1940,7/11/1940,4/21/1940,7/27/1940
8/3/1940,8/10/1940,5/21/1940,8/25/1940
9/1/1940,9/8/1940,6/19/1940,9/24/1940
10/1/1940,10/7/1940,7/19/1940,10/23/1940
10/30/1940,11/6/1940,8/17/1940,11/22/1940
11/29/1940,12/6/1940,9/16/1940,12/21/1940
12/28/1940,1/5/1941,10/16/1940,1/20/1941
1/27/1941,2/4/1941,11/14/1940,2/18/1941
2/25/1941,3/5/1941,12/14/1940,3/19/1941
3/27/1941,4/4/1941,1/13/1941,4/18/1941
4/26/1941,5/4/1941,2/11/1941,5/17/1941
5/25/1941,6/2/1941,3/13/1941,6/16/1941
6/24/1941,7/1/1941,4/11/1941,7/16/1941
7/23/1941,7/31/1941,5/10/1941,8/14/1941
8/22/1941,8/29/1941,6/9/1941,9/13/1941
9/20/1941,9/27/1941,7/8/1941,10/13/1941
10/20/1941,10/26/1941,8/6/1941,11/11/1941
11/18/1941,11/25/1941,9/5/1941,12/11/1941
12/18/1941,12/25/1941,10/5/1941,1/9/1942
1/16/1942,1/23/1942,11/3/1941,2/8/1942
2/15/1942,2/22/1942,12/3/1941,3/9/1942
3/16/1942,3/24/1942,1/2/1942,4/7/1942
4/15/1942,4/23/1942,2/1/1942,5/7/1942
5/14/1942,5/23/1942,3/2/1942,6/5/1942
6/13/1942,6/21/1942,4/1/1942,7/5/1942
7/13/1942,7/20/1942,4/30/1942,8/3/1942
8/11/1942,8/19/1942,5/29/1942,9/2/1942
9/10/1942,9/17/1942,6/28/1942,10/2/1942
10/9/1942,10/16/1942,7/27/1942,10/31/1942
11/8/1942,11/14/1942,8/25/1942,11/30/1942
12/7/1942,12/14/1942,9/24/1942,12/30/1942
1/6/1943,1/13/1943,10/23/1942,1/29/1943
2/4/1943,2/11/1943,11/22/1942,2/27/1943
3/6/1943,3/13/1943,12/22/1942,3/28/1943
4/4/1943,4/12/1943,1/21/1943,4/27/1943
5/4/1943,5/12/1943,2/19/1943,5/26/1943
6/2/1943,6/10/1943,3/21/1943,6/24/1943
7/2/1943,7/10/1943,4/20/1943,7/23/1943
7/31/1943,8/8/1943,5/19/1943,8/22/1943
8/30/1943,9/7/1943,6/17/1943,9/21/1943
9/29/1943,10/6/1943,7/17/1943,10/20/1943
10/28/1943,11/4/1943,8/15/1943,11/19/1943
11/27/1943,12/4/1943,9/13/1943,12/19/1943
12/26/1943,1/2/1944,10/13/1943,1/18/1944
1/25/1944,2/1/1944,11/11/1943,2/17/1944
2/23/1944,3/1/1944,12/11/1943,3/17/1944
3/24/1944,3/31/1944,1/10/1944,4/15/1944
4/22/1944,4/29/1944,2/8/1944,5/15/1944
5/21/1944,5/29/1944,3/9/1944,6/13/1944
6/20/1944,6/28/1944,4/8/1944,7/12/1944
7/19/1944,7/28/1944,5/8/1944,8/10/1944
8/18/1944,8/26/1944,6/6/1944,9/9/1944
9/17/1944,9/25/1944,7/5/1944,10/8/1944
10/16/1944,10/24/1944,8/4/1944,11/7/1944
11/15/1944,11/23/1944,9/2/1944,12/7/1944
12/15/1944,12/22/1944,10/1/1944,1/6/1945
1/13/1945,1/20/1945,10/31/1944,2/5/1945
2/12/1945,2/19/1945,11/29/1944,3/6/1945
3/13/1945,3/20/1945,12/29/1944,4/5/1945
4/12/1945,4/19/1945,1/27/1945,5/4/1945
5/11/1945,5/18/1945,2/26/1945,6/3/1945
6/9/1945,6/17/1945,3/28/1945,7/2/1945
7/9/1945,7/17/1945,4/27/1945,7/31/1945
8/7/1945,8/15/1945,5/26/1945,8/29/1945
9/6/1945,9/14/1945,6/25/1945,9/28/1945
10/5/1945,10/14/1945,7/24/1945,10/27/1945
11/4/1945,11/12/1945,8/23/1945,11/26/1945
12/4/1945,12/12/1945,9/21/1945,12/26/1945
1/3/1946,1/10/1946,10/20/1945,1/24/1946
2/1/1946,2/8/1946,11/19/1945,2/23/1946
3/3/1946,3/10/1946,12/18/1945,3/25/1946
4/1/1946,4/8/1946,1/17/1946,4/24/1946
5/1/1946,5/7/1946,2/15/1946,5/23/1946
5/30/1946,6/6/1946,3/17/1946,6/22/1946
6/28/1946,7/5/1946,4/16/1946,7/21/1946
7/28/1946,8/4/1946,5/15/1946,8/19/1946
8/26/1946,9/3/1946,6/14/1946,9/17/1946
9/25/1946,10/3/1946,7/14/1946,10/17/1946
10/24/1946,11/1/1946,8/12/1946,11/15/1946
11/23/1946,12/1/1946,9/11/1946,12/15/1946
12/23/1946,12/31/1946,10/10/1946,1/13/1947
1/22/1947,1/29/1947,11/8/1946,2/12/1947
2/20/1947,2/28/1947,12/8/1946,3/14/1947
3/22/1947,3/29/1947,1/6/1947,4/13/1947
4/20/1947,4/27/1947,2/5/1947,5/13/1947
5/20/1947,5/26/1947,3/6/1947,6/11/1947
6/18/1947,6/25/1947,4/5/1947,7/11/1947
7/17/1947,7/24/1947,5/4/1947,8/9/1947
8/16/1947,8/23/1947,6/3/1947,9/7/1947
9/14/1947,9/21/1947,7/3/1947,10/7/1947
10/13/1947,10/21/1947,8/1/1947,11/5/1947
11/12/1947,11/20/1947,8/31/1947,12/4/1947
12/12/1947,12/20/1947,9/29/1947,1/3/1948
1/10/1948,1/19/1948,10/29/1947,2/1/1948
2/9/1948,2/17/1948,11/28/1947,3/2/1948
3/10/1948,3/18/1948,12/27/1947,4/1/1948
4/9/1948,4/16/1948,1/25/1948,4/30/1948
5/8/1948,5/15/1948,2/24/1948,5/30/1948
6/7/1948,6/13/1948,3/24/1948,6/29/1948
7/6/1948,7/13/1948,4/23/1948,7/28/1948
8/4/1948,8/11/1948,5/22/1948,8/27/1948
9/3/1948,9/10/1948,6/21/1948,9/25/1948
10/2/1948,10/9/1948,7/20/1948,10/25/1948
10/31/1948,11/8/1948,8/19/1948,11/23/1948
11/30/1948,12/8/1948,9/18/1948,12/22/1948
12/30/1948,1/7/1949,10/17/1948,1/21/1949
1/28/1949,2/6/1949,11/16/1948,2/19/1949
2/27/1949,3/7/1949,12/16/1948,3/21/1949
3/29/1949,4/6/1949,1/14/1949,4/19/1949
4/28/1949,5/5/1949,2/13/1949,5/19/1949
5/27/1949,6/3/1949,3/14/1949,6/18/1949
6/26/1949,7/3/1949,4/12/1949,7/17/1949
7/25/1949,8/1/1949,5/12/1949,8/16/1949
8/23/1949,8/30/1949,6/10/1949,9/15/1949
9/22/1949,9/28/1949,7/9/1949,10/14/1949
10/21/1949,10/28/1949,8/8/1949,11/13/1949
11/19/1949,11/27/1949,9/7/1949,12/12/1949
12/19/1949,12/26/1949,10/6/1949,1/11/1950
1/18/1950,1/25/1950,11/5/1949,2/9/1950
2/16/1950,2/24/1950,12/5/1949,3/10/1950
3/18/1950,3/26/1950,1/3/1950,4/9/1950
4/17/1950,4/25/1950,2/2/1950,5/8/1950
5/16/1950,5/24/1950,3/4/1950,6/7/1950
6/15/1950,6/22/1950,4/2/1950,7/6/1950
7/14/1950,7/22/1950,5/1/1950,8/5/1950
8/13/1950,8/20/1950,5/31/1950,9/4/1950
9/11/1950,9/18/1950,6/29/1950,10/3/1950
10/11/1950,10/17/1950,7/28/1950,11/2/1950
11/9/1950,11/16/1950,8/27/1950,12/2/1950
12/9/1950,12/15/1950,9/25/1950,1/1/1951
1/7/1951,1/14/1951,10/25/1950,1/30/1951
2/5/1951,2/13/1951,11/24/1950,2/28/1951
3/7/1951,3/15/1951,12/24/1950,3/29/1951
4/6/1951,4/14/1951,1/22/1951,4/28/1951
5/5/1951,5/13/1951,2/21/1951,5/27/1951
6/4/1951,6/12/1951,3/23/1951,6/25/1951
7/4/1951,7/11/1951,4/21/1951,7/25/1951
8/2/1951,8/10/1951,5/20/1951,8/24/1951
9/1/1951,9/8/1951,6/19/1951,9/22/1951
9/30/1951,10/7/1951,7/18/1951,10/22/1951
10/30/1951,11/5/1951,8/16/1951,11/21/1951
11/28/1951,12/5/1951,9/15/1951,12/21/1951
12/28/1951,1/3/1952,10/14/1951,1/19/1952
1/26/1952,2/2/1952,11/13/1951,2/18/1952
2/25/1952,3/3/1952,12/13/1951,3/18/1952
3/25/1952,4/2/1952,1/11/1952,4/17/1952
4/23/1952,5/1/1952,2/10/1952,5/16/1952
5/23/1952,5/31/1952,3/11/1952,6/14/1952
6/22/1952,6/30/1952,4/10/1952,7/13/1952
7/21/1952,7/29/1952,5/9/1952,8/12/1952
8/20/1952,8/28/1952,6/7/1952,9/10/1952
9/19/1952,9/26/1952,7/7/1952,10/10/1952
10/18/1952,10/25/1952,8/5/1952,11/9/1952
11/17/1952,11/24/1952,9/3/1952,12/9/1952
12/16/1952,12/23/1952,10/3/1952,1/8/1953
1/15/1953,1/21/1953,11/1/1952,2/6/1953
2/13/1953,2/20/1953,12/1/1952,3/8/1953
3/15/1953,3/22/1953,12/31/1952,4/6/1953
4/13/1953,4/20/1953,1/29/1953,5/6/1953
5/12/1953,5/20/1953,2/28/1953,6/4/1953
6/11/1953,6/19/1953,3/30/1953,7/3/1953
7/10/1953,7/18/1953,4/28/1953,8/1/1953
8/9/1953,8/17/1953,5/28/1953,8/31/1953
9/8/1953,9/16/1953,6/26/1953,9/29/1953
10/7/1953,10/15/1953,7/26/1953,10/29/1953
11/6/1953,11/13/1953,8/24/1953,11/28/1953
12/6/1953,12/13/1953,9/22/1953,12/27/1953
1/4/1954,1/11/1954,10/22/1953,1/26/1954
2/3/1954,2/10/1954,11/20/1953,2/25/1954
3/4/1954,3/11/1954,12/20/1953,3/27/1954
4/3/1954,4/9/1954,1/18/1954,4/25/1954
5/2/1954,5/9/1954,2/17/1954,5/25/1954
5/31/1954,6/8/1954,3/19/1954,6/23/1954
6/30/1954,7/7/1954,4/17/1954,7/22/1954
7/29/1954,8/6/1954,5/17/1954,8/20/1954
8/28/1954,9/5/1954,6/16/1954,9/19/1954
9/26/1954,10/4/1954,7/15/1954,10/18/1954
10/26/1954,11/3/1954,8/14/1954,11/17/1954
11/25/1954,12/3/1954,9/12/1954,12/16/1954
12/24/1954,1/1/1955,10/11/1954,1/15/1955
1/23/1955,1/30/1955,11/10/1954,2/14/1955
2/22/1955,3/1/1955,12/9/1954,3/16/1955
3/23/1955,3/30/1955,1/8/1955,4/15/1955
4/22/1955,4/28/1955,2/6/1955,5/14/1955
5/21/1955,5/28/1955,3/8/1955,6/13/1955
6/19/1955,6/26/1955,4/6/1955,7/12/1955
7/19/1955,7/26/1955,5/6/1955,8/10/1955
8/17/1955,8/25/1955,6/5/1955,9/9/1955
9/15/1955,9/23/1955,7/4/1955,10/8/1955
10/15/1955,10/23/1955,8/3/1955,11/6/1955
11/14/1955,11/22/1955,9/2/1955,12/6/1955
12/13/1955,12/22/1955,10/1/1955,1/4/1956
1/12/1956,1/20/1956,10/30/1955,2/3/1956
2/11/1956,2/19/1956,11/29/1955,3/4/1956
3/12/1956,3/19/1956,12/28/1955,4/3/1956
4/10/1956,4/17/1956,1/27/1956,5/2/1956
5/10/1956,5/16/1956,2/25/1956,6/1/1956
6/8/1956,6/15/1956,3/26/1956,7/1/1956
7/7/1956,7/14/1956,4/24/1956,7/30/1956
8/6/1956,8/13/1956,5/24/1956,8/28/1956
9/4/1956,9/11/1956,6/22/1956,9/27/1956
10/3/1956,10/11/1956,7/22/1956,10/26/1956
11/2/1956,11/10/1956,8/21/1956,11/24/1956
12/2/1956,12/10/1956,9/19/1956,12/24/1956
1/30/1957,1/8/1957,10/19/1956,1/22/1957
3/1/1957,2/7/1957,11/17/1956,2/21/1957
3/31/1957,3/9/1957,12/17/1956,3/22/1957
4/29/1957,4/7/1957,1/15/1957,4/21/1957
5/29/1957,5/6/1957,2/14/1957,5/21/1957
6/27/1957,6/5/1957,3/15/1957,6/20/1957
7/26/1957,7/4/1957,4/14/1957,7/19/1957
8/25/1957,8/2/1957,5/13/1957,8/18/1957
9/23/1957,8/31/1957,6/12/1957,9/16/1957
10/22/1957,9/30/1957,7/11/1957,10/16/1957
11/21/1957,10/30/1957,8/10/1957,11/14/1957
12/20/1957,11/28/1957,9/8/1957,12/13/1957
1/19/1958,12/28/1957,10/8/1957,1/12/1958
2/18/1958,1/27/1958,11/7/1957,2/10/1958
3/20/1958,2/26/1958,12/6/1957,3/12/1958
4/18/1958,3/28/1958,1/5/1958,4/10/1958
5/18/1958,4/26/1958,2/4/1958,5/10/1958
6/17/1958,5/25/1958,3/5/1958,6/8/1958
7/16/1958,6/24/1958,4/3/1958,7/8/1958
8/14/1958,7/23/1958,5/3/1958,8/7/1958
9/13/1958,8/21/1958,6/1/1958,9/6/1958
10/12/1958,9/19/1958,6/30/1958,10/5/1958
11/10/1958,10/19/1958,7/30/1958,11/4/1958
12/10/1958,11/17/1958,8/28/1958,12/3/1958
1/8/1959,12/17/1958,9/27/1958,12/31/1958
2/7/1959,1/16/1959,10/27/1958,1/2/1959
3/9/1959,2/15/1959,11/26/1958,1/31/1959
4/7/1959,3/17/1959,12/25/1958,3/1/1959
5/7/1959,4/15/1959,1/24/1959,3/31/1959
6/6/1959,5/15/1959,2/23/1959,4/29/1959
7/5/1959,6/13/1959,3/24/1959,5/29/1959
8/4/1959,7/13/1959,4/22/1959,6/27/1959
9/2/1959,8/11/1959,5/22/1959,7/27/1959
10/2/1959,9/9/1959,6/20/1959,8/26/1959
10/31/1959,10/8/1959,7/19/1959,9/24/1959
11/30/1959,11/7/1959,8/18/1959,10/24/1959
12/29/1959,12/6/1959,9/16/1959,11/23/1959
1/27/1960,1/5/1960,10/16/1959,12/22/1959
2/26/1960,2/4/1960,11/15/1959,1/21/1960
3/26/1960,3/5/1960,12/14/1959,2/19/1960
4/25/1960,4/3/1960,1/13/1960,3/19/1960
5/25/1960,5/3/1960,2/12/1960,4/18/1960
6/23/1960,6/2/1960,3/13/1960,5/17/1960
7/23/1960,7/1/1960,4/11/1960,6/15/1960
8/22/1960,7/31/1960,5/10/1960,7/15/1960
9/20/1960,8/29/1960,6/9/1960,8/13/1960
10/20/1960,9/27/1960,7/8/1960,9/12/1960
11/18/1960,10/26/1960,8/6/1960,10/12/1960
12/18/1960,11/25/1960,9/5/1960,11/11/1960
1/16/1961,12/24/1960,10/4/1960,12/11/1960
2/15/1961,1/23/1961,11/3/1960,1/9/1961
3/16/1961,2/22/1961,12/2/1960,2/8/1961
4/14/1961,3/23/1961,1/1/1961,3/9/1961
5/14/1961,4/22/1961,1/31/1961,4/8/1961
6/12/1961,5/22/1961,3/2/1961,5/7/1961
7/12/1961,6/21/1961,3/31/1961,6/5/1961
8/11/1961,7/20/1961,4/30/1961,7/4/1961
9/9/1961,8/19/1961,5/29/1961,8/3/1961
10/9/1961,9/17/1961,6/28/1961,9/1/1961
11/8/1961,10/16/1961,7/27/1961,10/1/1961
12/7/1961,11/15/1961,8/25/1961,10/31/1961
1/6/1962,12/14/1961,9/24/1961,11/29/1961
2/4/1962,1/12/1962,10/23/1961,12/29/1961
3/6/1962,2/11/1962,11/22/1961,1/28/1962
4/4/1962,3/12/1962,12/21/1961,2/27/1962
5/3/1962,4/11/1962,1/20/1962,3/28/1962
6/2/1962,5/11/1962,2/19/1962,4/27/1962
7/1/1962,6/9/1962,3/20/1962,5/26/1962
7/31/1962,7/9/1962,4/19/1962,6/24/1962
8/29/1962,8/8/1962,5/19/1962,7/23/1962
9/28/1962,9/6/1962,6/17/1962,8/22/1962
10/28/1962,10/6/1962,7/17/1962,9/20/1962
11/26/1962,11/4/1962,8/15/1962,10/20/1962
12/26/1962,12/4/1962,9/13/1962,11/18/1962
1/25/1963,1/2/1963,10/13/1962,12/18/1962
2/23/1963,2/1/1963,11/11/1962,1/17/1963
3/25/1963,3/2/1963,12/11/1962,2/16/1963
4/23/1963,3/31/1963,1/9/1963,3/18/1963
5/22/1963,4/30/1963,2/8/1963,4/16/1963
6/21/1963,5/29/1963,3/9/1963,5/16/1963
7/20/1963,6/28/1963,4/8/1963,6/14/1963
8/19/1963,7/28/1963,5/8/1963,7/13/1963
9/17/1963,8/26/1963,6/7/1963,8/11/1963
10/17/1963,9/25/1963,7/6/1963,9/10/1963
11/15/1963,10/25/1963,8/5/1963,10/9/1963
12/15/1963,11/23/1963,9/3/1963,11/7/1963
1/14/1964,12/23/1963,10/2/1963,12/7/1963
2/13/1964,1/21/1964,11/1/1963,1/6/1964
3/13/1964,2/20/1964,11/30/1963,2/5/1964
4/12/1964,3/20/1964,12/30/1963,3/6/1964
5/11/1964,4/18/1964,1/28/1964,4/4/1964
6/9/1964,5/18/1964,2/27/1964,5/4/1964
7/9/1964,6/16/1964,3/27/1964,6/3/1964
8/7/1964,7/16/1964,4/26/1964,7/2/1964
9/5/1964,8/14/1964,5/26/1964,7/31/1964
10/5/1964,9/13/1964,6/24/1964,8/30/1964
11/3/1964,10/13/1964,7/24/1964,9/28/1964
12/3/1964,11/12/1964,8/22/1964,10/27/1964
1/2/1965,12/11/1964,9/21/1964,11/25/1964
2/1/1965,1/10/1965,10/20/1964,12/25/1964
3/3/1965,2/9/1965,11/19/1964,1/24/1965
4/1/1965,3/10/1965,12/18/1964,2/22/1965
5/1/1965,4/8/1965,1/17/1965,3/24/1965
5/30/1965,5/7/1965,2/15/1965,4/23/1965
6/28/1965,6/6/1965,3/17/1965,5/23/1965
7/28/1965,7/5/1965,4/15/1965,6/21/1965
8/26/1965,8/3/1965,5/15/1965,7/21/1965
9/24/1965,9/2/1965,6/13/1965,8/19/1965
10/24/1965,10/2/1965,7/13/1965,9/18/1965
11/22/1965,11/1/1965,8/12/1965,10/17/1965
12/22/1965,11/30/1965,9/10/1965,11/15/1965
1/21/1966,12/30/1965,10/10/1965,12/15/1965
2/20/1966,1/29/1966,11/8/1965,1/13/1966
3/21/1966,2/28/1966,12/8/1965,2/12/1966
4/20/1966,3/29/1966,1/6/1966,3/13/1966
5/20/1966,4/27/1966,2/5/1966,4/12/1966
6/18/1966,5/27/1966,3/6/1966,5/12/1966
7/17/1966,6/25/1966,4/5/1966,6/10/1966
8/16/1966,7/24/1966,5/4/1966,7/10/1966
9/14/1966,8/22/1966,6/3/1966,8/9/1966
10/13/1966,9/21/1966,7/2/1966,9/7/1966
11/12/1966,10/20/1966,8/1/1966,10/7/1966
12/11/1966,11/19/1966,8/30/1966,11/5/1966
1/10/1967,12/19/1966,9/29/1966,12/4/1966
2/9/1967,1/18/1967,10/29/1966,1/3/1967
3/10/1967,2/17/1967,11/27/1966,2/1/1967
4/9/1967,3/19/1967,12/27/1966,3/3/1967
5/9/1967,4/17/1967,1/25/1967,4/1/1967
6/7/1967,5/16/1967,2/24/1967,5/1/1967
7/7/1967,6/15/1967,3/25/1967,5/30/1967
8/5/1967,7/14/1967,4/24/1967,6/29/1967
9/4/1967,8/12/1967,5/23/1967,7/29/1967
10/3/1967,9/10/1967,6/21/1967,8/27/1967
11/1/1967,10/10/1967,7/21/1967,9/26/1967
12/1/1967,11/8/1967,8/19/1967,10/26/1967
12/30/1967,12/8/1967,9/18/1967,11/24/1967
1/29/1968,1/7/1968,10/18/1967,12/24/1967
2/27/1968,2/6/1968,11/16/1967,1/22/1968
3/28/1968,3/7/1968,12/16/1967,2/20/1968
4/27/1968,4/5/1968,1/15/1968,3/21/1968
5/27/1968,5/5/1968,2/13/1968,4/19/1968
6/25/1968,6/3/1968,3/14/1968,5/18/1968
7/25/1968,7/3/1968,4/12/1968,6/17/1968
8/23/1968,8/1/1968,5/12/1968,7/17/1968
9/22/1968,8/30/1968,6/10/1968,8/15/1968
10/21/1968,9/28/1968,7/9/1968,9/14/1968
11/20/1968,10/28/1968,8/8/1968,10/14/1968
12/19/1968,11/26/1968,9/6/1968,11/13/1968
1/17/1969,12/26/1968,10/6/1968,12/12/1968
2/16/1969,1/25/1969,11/4/1968,1/11/1969
3/17/1969,2/23/1969,12/4/1968,2/9/1969
4/16/1969,3/25/1969,1/3/1969,3/10/1969
5/16/1969,4/24/1969,2/2/1969,4/9/1969
6/14/1969,5/24/1969,3/3/1969,5/8/1969
7/14/1969,6/22/1969,4/2/1969,6/6/1969
8/12/1969,7/22/1969,5/1/1969,7/6/1969
9/11/1969,8/20/1969,5/31/1969,8/4/1969
10/11/1969,9/18/1969,6/29/1969,9/3/1969
11/9/1969,10/18/1969,7/28/1969,10/3/1969
12/9/1969,11/16/1969,8/27/1969,11/1/1969
1/7/1970,12/15/1969,9/25/1969,12/1/1969
2/5/1970,1/14/1970,10/25/1969,12/31/1969
3/7/1970,2/12/1970,11/23/1969,1/30/1970
4/5/1970,3/14/1970,12/23/1969,2/28/1970
5/5/1970,4/13/1970,1/22/1970,3/30/1970
6/3/1970,5/13/1970,2/21/1970,4/28/1970
7/3/1970,6/11/1970,3/22/1970,5/27/1970
8/1/1970,7/11/1970,4/21/1970,6/25/1970
8/31/1970,8/10/1970,5/20/1970,7/25/1970
9/30/1970,9/8/1970,6/19/1970,8/23/1970
10/29/1970,10/7/1970,7/18/1970,9/22/1970
11/28/1970,11/6/1970,8/16/1970,10/21/1970
12/28/1970,12/5/1970,9/15/1970,11/20/1970
1/26/1971,1/3/1971,10/14/1970,12/20/1970
2/25/1971,2/2/1971,11/12/1970,1/19/1971
3/26/1971,3/3/1971,12/12/1970,2/18/1971
4/24/1971,4/2/1971,1/11/1971,3/19/1971
5/24/1971,5/2/1971,2/9/1971,4/18/1971
6/22/1971,5/31/1971,3/11/1971,5/17/1971
7/22/1971,6/30/1971,4/10/1971,6/15/1971
8/20/1971,7/30/1971,5/10/1971,7/14/1971
9/19/1971,8/28/1971,6/8/1971,8/13/1971
10/19/1971,9/27/1971,7/8/1971,9/11/1971
11/17/1971,10/26/1971,8/6/1971,10/10/1971
12/17/1971,11/25/1971,9/4/1971,11/9/1971
1/16/1972,12/24/1971,10/4/1971,12/9/1971
2/14/1972,1/23/1972,11/2/1971,1/8/1972
3/15/1972,2/21/1972,12/1/1971,2/7/1972
4/13/1972,3/21/1972,12/31/1971,3/7/1972
5/12/1972,4/20/1972,1/30/1972,4/6/1972
6/11/1972,5/19/1972,2/28/1972,5/6/1972
7/10/1972,6/18/1972,3/29/1972,6/4/1972
8/8/1972,7/18/1972,4/28/1972,7/3/1972
9/7/1972,8/16/1972,5/27/1972,8/2/1972
10/7/1972,9/15/1972,6/26/1972,8/31/1972
11/5/1972,10/15/1972,7/26/1972,9/29/1972
12/5/1972,11/13/1972,8/24/1972,10/28/1972
1/4/1973,12/13/1972,9/22/1972,11/27/1972
2/3/1973,1/11/1973,10/22/1972,12/27/1972
3/4/1973,2/10/1973,11/20/1972,1/25/1973
4/3/1973,3/11/1973,12/20/1972,2/24/1973
5/2/1973,4/9/1973,1/18/1973,3/26/1973
5/31/1973,5/9/1973,2/17/1973,4/25/1973
6/30/1973,6/7/1973,3/18/1973,5/25/1973
7/29/1973,7/7/1973,4/17/1973,6/23/1973
8/27/1973,8/5/1973,5/16/1973,7/22/1973
9/26/1973,9/4/1973,6/15/1973,8/21/1973
10/25/1973,10/4/1973,7/15/1973,9/19/1973
11/24/1973,11/2/1973,8/13/1973,10/18/1973
12/24/1973,12/2/1973,9/12/1973,11/16/1973
1/23/1974,1/1/1974,10/11/1973,12/16/1973
2/21/1974,1/31/1974,11/10/1973,1/15/1974
3/23/1974,3/1/1974,12/9/1973,2/13/1974
4/22/1974,3/30/1974,1/8/1974,3/15/1974
5/21/1974,4/29/1974,2/6/1974,4/14/1974
6/19/1974,5/28/1974,3/8/1974,5/14/1974
7/19/1974,6/26/1974,4/6/1974,6/12/1974
8/17/1974,7/25/1974,5/6/1974,7/12/1974
9/15/1974,8/24/1974,6/4/1974,8/10/1974
10/15/1974,9/23/1974,7/4/1974,9/9/1974
11/13/1974,10/22/1974,8/2/1974,10/8/1974
12/13/1974,11/21/1974,9/1/1974,11/6/1974
1/12/1975,12/21/1974,10/1/1974,12/6/1974
2/10/1975,1/20/1975,10/30/1974,1/4/1975
3/12/1975,2/18/1975,11/29/1974,2/2/1975
4/11/1975,3/20/1975,12/28/1974,3/4/1975
5/11/1975,4/18/1975,1/27/1975,4/3/1975
6/9/1975,5/18/1975,2/25/1975,5/2/1975
7/8/1975,6/16/1975,3/27/1975,6/1/1975
8/7/1975,7/15/1975,4/25/1975,7/1/1975
9/5/1975,8/13/1975,5/24/1975,7/31/1975
10/4/1975,9/12/1975,6/23/1975,8/29/1975
11/3/1975,10/11/1975,7/22/1975,9/28/1975
12/2/1975,11/10/1975,8/21/1975,10/27/1975
1/1/1976,12/10/1975,9/20/1975,11/25/1975
1/30/1976,1/9/1976,10/19/1975,12/25/1975
2/29/1976,2/8/1976,11/18/1975,1/23/1976
3/30/1976,3/8/1976,12/18/1975,2/22/1976
4/29/1976,4/7/1976,1/16/1976,3/22/1976
5/28/1976,5/6/1976,2/15/1976,4/20/1976
6/27/1976,6/5/1976,3/15/1976,5/20/1976
7/26/1976,7/4/1976,4/14/1976,6/19/1976
8/25/1976,8/2/1976,5/13/1976,7/18/1976
9/23/1976,8/31/1976,6/11/1976,8/17/1976
10/22/1976,9/30/1976,7/11/1976,9/16/1976
11/21/1976,10/29/1976,8/9/1976,10/16/1976
12/20/1976,11/28/1976,9/8/1976,11/14/1976
1/19/1977,12/27/1976,10/7/1976,12/14/1976
2/17/1977,1/26/1977,11/6/1976,1/12/1977
3/19/1977,2/25/1977,12/6/1976,2/10/1977
4/18/1977,3/27/1977,1/5/1977,3/12/1977
5/17/1977,4/26/1977,2/3/1977,4/10/1977
6/16/1977,5/25/1977,3/5/1977,5/9/1977
7/16/1977,6/24/1977,4/3/1977,6/8/1977
8/14/1977,7/23/1977,5/3/1977,7/7/1977
9/13/1977,8/21/1977,6/1/1977,8/6/1977
10/12/1977,9/19/1977,6/30/1977,9/5/1977
11/10/1977,10/19/1977,7/30/1977,10/5/1977
12/10/1977,11/17/1977,8/28/1977,11/3/1977
1/8/1978,12/17/1977,9/27/1977,12/3/1977
2/7/1978,1/15/1978,10/26/1977,1/2/1978
3/8/1978,2/14/1978,11/25/1977,1/31/1978
4/7/1978,3/16/1978,12/25/1977,3/2/1978
5/6/1978,4/15/1978,1/23/1978,3/31/1978
6/5/1978,5/15/1978,2/22/1978,4/29/1978
7/5/1978,6/13/1978,3/24/1978,5/28/1978
8/3/1978,7/13/1978,4/22/1978,6/27/1978
9/2/1978,8/11/1978,5/22/1978,7/26/1978
10/1/1978,9/9/1978,6/20/1978,8/25/1978
10/31/1978,10/9/1978,7/19/1978,9/23/1978
11/30/1978,11/7/1978,8/18/1978,10/23/1978
12/29/1978,12/6/1978,9/16/1978,11/22/1978
1/27/1979,1/5/1979,10/15/1978,12/22/1978
2/26/1979,2/3/1979,11/14/1978,1/21/1979
3/27/1979,3/5/1979,12/14/1978,2/19/1979
4/26/1979,4/4/1979,1/12/1979,3/21/1979
5/25/1979,5/3/1979,2/11/1979,4/19/1979
6/24/1979,6/2/1979,3/13/1979,5/18/1979
7/23/1979,7/2/1979,4/12/1979,6/16/1979
8/22/1979,7/31/1979,5/11/1979,7/16/1979
9/21/1979,8/30/1979,6/10/1979,8/14/1979
10/20/1979,9/28/1979,7/9/1979,9/12/1979
11/19/1979,10/28/1979,8/7/1979,10/12/1979
12/19/1979,11/26/1979,9/6/1979,11/11/1979
1/17/1980,12/25/1979,10/5/1979,12/11/1979
2/16/1980,1/24/1980,11/3/1979,1/10/1980
3/16/1980,2/22/1980,12/3/1979,2/8/1980
4/14/1980,3/23/1980,1/2/1980,3/9/1980
5/14/1980,4/21/1980,1/31/1980,4/8/1980
6/12/1980,5/21/1980,3/1/1980,5/7/1980
7/11/1980,6/20/1980,3/31/1980,6/5/1980
8/10/1980,7/19/1980,4/30/1980,7/5/1980
9/9/1980,8/18/1980,5/29/1980,8/3/1980
10/8/1980,9/17/1980,6/28/1980,9/1/1980
11/7/1980,10/16/1980,7/27/1980,9/30/1980
12/7/1980,11/15/1980,8/25/1980,10/30/1980
1/5/1981,12/14/1980,9/24/1980,11/29/1980
2/4/1981,1/13/1981,10/23/1980,12/28/1980
3/6/1981,2/11/1981,11/21/1980,1/27/1981
4/4/1981,3/12/1981,12/21/1980,2/26/1981
5/3/1981,4/11/1981,1/19/1981,3/28/1981
6/2/1981,5/10/1981,2/18/1981,4/27/1981
7/1/1981,6/9/1981,3/20/1981,5/26/1981
7/30/1981,7/8/1981,4/18/1981,6/24/1981
8/29/1981,8/7/1981,5/18/1981,7/24/1981
9/27/1981,9/6/1981,6/17/1981,8/22/1981
10/27/1981,10/6/1981,7/16/1981,9/20/1981
11/26/1981,11/4/1981,8/15/1981,10/19/1981
12/26/1981,12/4/1981,9/13/1981,11/18/1981
1/24/1982,1/2/1982,10/13/1981,12/17/1981
2/23/1982,2/1/1982,11/11/1981,1/16/1982
3/25/1982,3/2/1982,12/11/1981,2/15/1982
4/23/1982,3/31/1982,1/9/1982,3/17/1982
5/22/1982,4/30/1982,2/7/1982,4/16/1982
6/21/1982,5/29/1982,3/9/1982,5/15/1982
7/20/1982,6/27/1982,4/8/1982,6/14/1982
8/18/1982,7/27/1982,5/7/1982,7/13/1982
9/17/1982,8/26/1982,6/6/1982,8/12/1982
10/16/1982,9/24/1982,7/6/1982,9/10/1982
11/15/1982,10/24/1982,8/4/1982,10/9/1982
12/15/1982,11/23/1982,9/3/1982,11/7/1982
1/13/1983,12/23/1982,10/2/1982,12/7/1982
2/12/1983,1/21/1983,11/1/1982,1/5/1983
3/14/1983,2/20/1983,11/30/1982,2/4/1983
4/13/1983,3/21/1983,12/30/1982,3/6/1983
5/12/1983,4/20/1983,1/28/1983,4/5/1983
6/10/1983,5/19/1983,2/27/1983,5/4/1983
7/10/1983,6/17/1983,3/28/1983,6/3/1983
8/8/1983,7/16/1983,4/26/1983,7/3/1983
9/6/1983,8/15/1983,5/26/1983,8/1/1983
10/6/1983,9/13/1983,6/25/1983,8/31/1983
11/4/1983,10/13/1983,7/24/1983,9/29/1983
12/4/1983,11/12/1983,8/23/1983,10/28/1983
1/2/1984,12/12/1983,9/21/1983,11/27/1983
2/1/1984,1/11/1984,10/21/1983,12/26/1983
3/2/1984,2/9/1984,11/20/1983,1/24/1984
4/1/1984,3/10/1984,12/19/1983,2/23/1984
4/30/1984,4/8/1984,1/18/1984,3/23/1984
5/30/1984,5/8/1984,2/16/1984,4/22/1984
6/28/1984,6/6/1984,3/17/1984,5/22/1984
7/28/1984,7/5/1984,4/15/1984,6/21/1984
8/26/1984,8/3/1984,5/14/1984,7/20/1984
9/24/1984,9/2/1984,6/13/1984,8/19/1984
10/24/1984,10/1/1984,7/12/1984,9/18/1984
11/22/1984,10/31/1984,8/11/1984,10/17/1984
12/22/1984,11/30/1984,9/10/1984,11/15/1984
1/20/1985,12/29/1984,10/9/1984,12/15/1984
2/19/1985,1/28/1985,11/8/1984,1/13/1985
3/21/1985,2/27/1985,12/8/1984,2/11/1985
4/19/1985,3/29/1985,1/6/1985,3/13/1985
5/19/1985,4/27/1985,2/5/1985,4/11/1985
6/18/1985,5/27/1985,3/6/1985,5/11/1985
7/17/1985,6/25/1985,4/5/1985,6/10/1985
8/16/1985,7/24/1985,5/4/1985,7/9/1985
9/14/1985,8/22/1985,6/2/1985,8/8/1985
10/13/1985,9/21/1985,7/2/1985,9/7/1985
11/12/1985,10/20/1985,7/31/1985,10/6/1985
12/11/1985,11/19/1985,8/30/1985,11/5/1985
1/10/1986,12/18/1985,9/28/1985,12/5/1985
2/8/1986,1/17/1986,10/28/1985,1/3/1986
3/10/1986,2/16/1986,11/27/1985,2/1/1986
4/8/1986,3/18/1986,12/26/1985,3/3/1986
5/8/1986,4/17/1986,1/25/1986,4/1/1986
6/7/1986,5/16/1986,2/24/1986,4/30/1986
7/6/1986,6/15/1986,3/25/1986,5/30/1986
8/5/1986,7/14/1986,4/24/1986,6/28/1986
9/4/1986,8/12/1986,5/23/1986,7/28/1986
10/3/1986,9/11/1986,6/21/1986,8/27/1986
11/1/1986,10/10/1986,7/21/1986,9/25/1986
12/1/1986,11/8/1986,8/19/1986,10/25/1986
12/30/1986,12/8/1986,9/17/1986,11/24/1986
1/29/1987,1/6/1987,10/17/1986,12/24/1986
2/27/1987,2/5/1987,11/16/1986,1/22/1987
3/29/1987,3/7/1987,12/15/1986,2/21/1987
4/27/1987,4/6/1987,1/14/1987,3/22/1987
5/27/1987,5/5/1987,2/13/1987,4/20/1987
6/25/1987,6/4/1987,3/15/1987,5/19/1987
7/25/1987,7/4/1987,4/13/1987,6/18/1987
8/24/1987,8/2/1987,5/13/1987,7/17/1987
9/22/1987,8/31/1987,6/11/1987,8/16/1987
10/22/1987,9/30/1987,7/10/1987,9/14/1987
11/20/1987,10/29/1987,8/9/1987,10/14/1987
12/20/1987,11/27/1987,9/7/1987,11/13/1987
1/18/1988,12/27/1987,10/6/1987,12/13/1987
2/17/1988,1/25/1988,11/5/1987,1/11/1988
3/17/1988,2/24/1988,12/5/1987,2/10/1988
4/16/1988,3/24/1988,1/3/1988,3/11/1988
5/15/1988,4/23/1988,2/2/1988,4/9/1988
6/14/1988,5/23/1988,3/3/1988,5/8/1988
7/13/1988,6/22/1988,4/2/1988,6/6/1988
8/12/1988,7/21/1988,5/1/1988,7/6/1988
9/10/1988,8/20/1988,5/31/1988,8/4/1988
10/10/1988,9/18/1988,6/29/1988,9/2/1988
11/9/1988,10/18/1988,7/28/1988,10/2/1988
12/8/1988,11/16/1988,8/27/1988,11/1/1988
1/7/1989,12/15/1988,9/25/1988,11/30/1988
2/5/1989,1/14/1989,10/24/1988,12/30/1988
3/7/1989,2/12/1989,11/23/1988,1/29/1989
4/5/1989,3/14/1989,12/22/1988,2/28/1989
5/5/1989,4/12/1989,1/21/1989,3/30/1989
6/3/1989,5/12/1989,2/20/1989,4/28/1989
7/2/1989,6/10/1989,3/22/1989,5/27/1989
8/1/1989,7/10/1989,4/20/1989,6/26/1989
8/30/1989,8/9/1989,5/20/1989,7/25/1989
9/29/1989,9/8/1989,6/18/1989,8/23/1989
10/29/1989,10/7/1989,7/18/1989,9/21/1989
11/28/1989,11/6/1989,8/16/1989,10/21/1989
12/27/1989,12/5/1989,9/15/1989,11/19/1989
1/26/1990,1/4/1990,10/14/1989,12/19/1989
2/25/1990,2/2/1990,11/12/1989,1/18/1990
3/26/1990,3/3/1990,12/12/1989,2/17/1990
4/24/1990,4/2/1990,1/10/1990,3/19/1990
5/24/1990,5/1/1990,2/9/1990,4/18/1990
6/22/1990,5/31/1990,3/11/1990,5/17/1990
7/21/1990,6/29/1990,4/9/1990,6/15/1990
8/20/1990,7/29/1990,5/9/1990,7/15/1990
9/18/1990,8/28/1990,6/8/1990,8/13/1990
10/18/1990,9/26/1990,7/7/1990,9/11/1990
11/17/1990,10/26/1990,8/6/1990,10/10/1990
12/16/1990,11/25/1990,9/4/1990,11/9/1990
1/15/1991,12/24/1990,10/4/1990,12/8/1990
2/14/1991,1/23/1991,11/2/1990,1/7/1991
3/16/1991,2/21/1991,12/1/1990,2/6/1991
4/14/1991,3/22/1991,12/31/1990,3/8/1991
5/13/1991,4/21/1991,1/29/1991,4/6/1991
6/12/1991,5/20/1991,2/28/1991,5/6/1991
7/11/1991,6/18/1991,3/29/1991,6/5/1991
8/9/1991,7/18/1991,4/28/1991,7/4/1991
9/8/1991,8/16/1991,5/28/1991,8/3/1991
10/7/1991,9/15/1991,6/26/1991,9/1/1991
11/6/1991,10/15/1991,7/26/1991,9/30/1991
12/5/1991,11/14/1991,8/25/1991,10/29/1991
1/4/1992,12/14/1991,9/23/1991,11/28/1991
2/3/1992,1/12/1992,10/23/1991,12/27/1991
3/4/1992,2/11/1992,11/21/1991,1/26/1992
4/2/1992,3/11/1992,12/21/1991,2/24/1992
5/2/1992,4/10/1992,1/19/1992,3/25/1992
5/31/1992,5/9/1992,2/18/1992,4/24/1992
6/30/1992,6/7/1992,3/18/1992,5/24/1992
7/29/1992,7/6/1992,4/16/1992,6/23/1992
8/27/1992,8/5/1992,5/16/1992,7/22/1992
9/26/1992,9/3/1992,6/14/1992,8/21/1992
10/25/1992,10/3/1992,7/14/1992,9/19/1992
11/24/1992,11/2/1992,8/13/1992,10/18/1992
12/23/1992,12/1/1992,9/11/1992,11/17/1992
1/22/1993,1/30/1993,10/11/1992,12/16/1992
2/21/1993,3/1/1993,11/10/1992,1/14/1993
3/22/1993,3/30/1993,12/9/1992,2/13/1993
4/21/1993,4/29/1993,1/8/1993,3/14/1993
5/21/1993,5/28/1993,2/6/1993,4/13/1993
6/19/1993,6/26/1993,3/8/1993,5/13/1993
7/19/1993,7/25/1993,4/6/1993,6/11/1993
8/17/1993,8/24/1993,5/5/1993,7/11/1993
9/15/1993,9/22/1993,6/4/1993,8/10/1993
10/15/1993,10/22/1993,7/3/1993,9/8/1993
11/13/1993,11/20/1993,8/2/1993,10/8/1993
12/13/1993,12/20/1993,8/31/1993,11/6/1993
1/11/1994,12/31/1993,9/30/1993,12/6/1993
2/10/1994,1/19/1994,10/30/1993,1/4/1994
3/11/1994,2/18/1994,11/28/1993,2/3/1994
4/10/1994,3/20/1994,12/28/1993,3/4/1994
5/10/1994,4/18/1994,1/27/1994,4/2/1994
6/9/1994,5/18/1994,2/25/1994,5/2/1994
7/8/1994,6/16/1994,3/27/1994,5/31/1994
8/7/1994,7/15/1994,4/25/1994,6/30/1994
9/5/1994,8/13/1994,5/24/1994,7/30/1994
10/4/1994,9/12/1994,6/23/1994,8/28/1994
11/3/1994,10/11/1994,7/22/1994,9/27/1994
12/2/1994,11/9/1994,8/20/1994,10/27/1994
1/1/1995,12/9/1994,9/19/1994,11/25/1994
1/30/1995,1/8/1995,10/19/1994,12/25/1994
3/1/1995,2/7/1995,11/17/1994,1/23/1995
3/30/1995,3/9/1995,12/17/1994,2/22/1995
4/29/1995,4/7/1995,1/16/1995,3/23/1995
5/29/1995,5/7/1995,2/15/1995,4/21/1995
6/27/1995,6/6/1995,3/16/1995,5/21/1995
7/27/1995,7/5/1995,4/15/1995,6/19/1995
8/25/1995,8/3/1995,5/14/1995,7/19/1995
9/24/1995,9/2/1995,6/12/1995,8/17/1995
10/23/1995,10/1/1995,7/12/1995,9/16/1995
11/22/1995,10/30/1995,8/10/1995,10/16/1995
12/21/1995,11/28/1995,9/8/1995,11/15/1995
1/20/1996,12/28/1995,10/8/1995,12/14/1995
2/18/1996,1/27/1996,11/6/1995,1/13/1996
3/19/1996,2/25/1996,12/6/1995,2/12/1996
4/17/1996,3/26/1996,1/5/1996,3/12/1996
5/17/1996,4/25/1996,2/4/1996,4/10/1996
6/15/1996,5/25/1996,3/5/1996,5/9/1996
7/15/1996,6/23/1996,4/3/1996,6/8/1996
8/14/1996,7/23/1996,5/3/1996,7/7/1996
9/12/1996,8/21/1996,6/1/1996,8/5/1996
10/12/1996,9/20/1996,6/30/1996,9/4/1996
11/10/1996,10/19/1996,7/30/1996,10/4/1996
12/10/1996,11/17/1996,8/28/1996,11/2/1996
1/8/1997,12/17/1996,9/26/1996,12/2/1996
2/7/1997,1/15/1997,10/26/1996,1/1/1997
3/8/1997,2/14/1997,11/24/1996,1/31/1997
4/7/1997,3/15/1997,12/24/1996,3/2/1997
5/6/1997,4/14/1997,1/23/1997,3/31/1997
6/5/1997,5/14/1997,2/22/1997,4/29/1997
7/4/1997,6/12/1997,3/23/1997,5/29/1997
8/3/1997,7/12/1997,4/22/1997,6/27/1997
9/1/1997,8/11/1997,5/22/1997,7/26/1997
10/1/1997,9/9/1997,6/20/1997,8/24/1997
10/31/1997,10/9/1997,7/19/1997,9/23/1997
11/29/1997,11/7/1997,8/18/1997,10/22/1997
12/29/1997,12/6/1997,9/16/1997,11/21/1997
1/27/1998,1/5/1998,10/15/1997,12/21/1997
2/26/1998,2/3/1998,11/14/1997,1/20/1998
3/27/1998,3/5/1998,12/13/1997,2/19/1998
4/26/1998,4/3/1998,1/12/1998,3/20/1998
5/25/1998,5/3/1998,2/11/1998,4/19/1998
6/23/1998,6/1/1998,3/12/1998,5/18/1998
7/23/1998,7/1/1998,4/11/1998,6/17/1998
8/21/1998,7/31/1998,5/11/1998,7/16/1998
9/20/1998,8/29/1998,6/9/1998,8/14/1998
10/20/1998,9/28/1998,7/9/1998,9/12/1998
11/18/1998,10/28/1998,8/7/1998,10/12/1998
12/18/1998,11/26/1998,9/6/1998,11/10/1998
1/17/1999,12/26/1998,10/5/1998,12/10/1998
2/15/1999,1/24/1999,11/3/1998,1/9/1999
3/17/1999,2/22/1999,12/3/1998,2/8/1999
4/15/1999,3/24/1999,1/1/1999,3/10/1999
5/15/1999,4/22/1999,1/31/1999,4/8/1999
6/13/1999,5/21/1999,3/1/1999,5/8/1999
7/12/1999,6/20/1999,3/31/1999,6/6/1999
8/11/1999,7/20/1999,4/30/1999,7/6/1999
9/9/1999,8/18/1999,5/29/1999,8/4/1999
10/9/1999,9/17/1999,6/28/1999,9/2/1999
11/7/1999,10/17/1999,7/28/1999,10/1/1999
12/7/1999,11/16/1999,8/26/1999,10/31/1999
1/6/2000,12/15/1999,9/25/1999,11/29/1999
2/5/2000,1/14/2000,10/24/1999,12/29/1999
3/5/2000,2/12/2000,11/22/1999,1/27/2000
4/4/2000,3/12/2000,12/22/1999,2/26/2000
5/3/2000,4/11/2000,1/20/2000,3/27/2000
6/2/2000,5/10/2000,2/19/2000,4/26/2000
7/1/2000,6/8/2000,3/19/2000,5/26/2000
7/30/2000,7/8/2000,4/18/2000,6/24/2000
8/29/2000,8/6/2000,5/18/2000,7/24/2000
9/27/2000,9/5/2000,6/16/2000,8/22/2000
10/27/2000,10/5/2000,7/16/2000,9/20/2000
11/25/2000,11/3/2000,8/14/2000,10/20/2000
12/25/2000,12/3/2000,9/13/2000,11/18/2000
1/24/2001,1/2/2001,10/13/2000,12/17/2000
2/23/2001,2/1/2001,11/11/2000,1/16/2001
3/24/2001,3/2/2001,12/11/2000,2/14/2001
4/23/2001,4/1/2001,1/9/2001,3/16/2001
5/22/2001,4/30/2001,2/7/2001,4/15/2001
6/21/2001,5/29/2001,3/9/2001,5/15/2001
7/20/2001,6/27/2001,4/7/2001,6/13/2001
8/18/2001,7/27/2001,5/7/2001,7/13/2001
9/17/2001,8/25/2001,6/5/2001,8/12/2001
10/16/2001,9/24/2001,7/5/2001,9/10/2001
11/14/2001,10/23/2001,8/3/2001,10/9/2001
12/14/2001,11/22/2001,9/2/2001,11/8/2001
1/13/2002,12/22/2001,10/2/2001,12/7/2001
2/11/2002,1/21/2002,10/31/2001,1/5/2002
3/13/2002,2/20/2002,11/30/2001,2/4/2002
4/12/2002,3/21/2002,12/30/2001,3/5/2002
5/12/2002,4/20/2002,1/28/2002,4/4/2002
6/10/2002,5/19/2002,2/27/2002,5/4/2002
7/10/2002,6/17/2002,3/28/2002,6/2/2002
8/8/2002,7/16/2002,4/26/2002,7/2/2002
9/6/2002,8/15/2002,5/26/2002,8/1/2002
10/6/2002,9/13/2002,6/24/2002,8/30/2002
11/4/2002,10/12/2002,7/24/2002,9/29/2002
12/3/2002,11/11/2002,8/22/2002,10/28/2002
1/2/2003,12/11/2002,9/21/2002,11/27/2002
2/1/2003,1/10/2003,10/21/2002,12/26/2002
3/2/2003,2/9/2003,11/19/2002,1/25/2003
4/1/2003,3/10/2003,12/19/2002,2/23/2003
5/1/2003,4/9/2003,1/18/2003,3/24/2003
5/30/2003,5/9/2003,2/16/2003,4/23/2003
6/29/2003,6/7/2003,3/18/2003,5/22/2003
7/28/2003,7/6/2003,4/16/2003,6/21/2003
8/27/2003,8/5/2003,5/15/2003,7/21/2003
9/25/2003,9/3/2003,6/14/2003,8/19/2003
10/25/2003,10/2/2003,7/13/2003,9/18/2003
11/23/2003,10/31/2003,8/11/2003,10/18/2003
12/23/2003,11/30/2003,9/10/2003,11/16/2003
1/21/2004,12/30/2003,10/10/2003,12/16/2003
2/20/2004,1/28/2004,11/8/2003,1/14/2004
3/20/2004,2/27/2004,12/8/2003,2/13/2004
4/19/2004,3/28/2004,1/7/2004,3/13/2004
5/18/2004,4/27/2004,2/6/2004,4/11/2004
6/17/2004,5/27/2004,3/6/2004,5/11/2004
7/17/2004,6/25/2004,4/5/2004,6/9/2004
8/15/2004,7/24/2004,5/4/2004,7/9/2004
9/14/2004,8/23/2004,6/2/2004,8/7/2004
10/13/2004,9/21/2004,7/2/2004,9/6/2004
11/12/2004,10/20/2004,7/31/2004,10/6/2004
12/11/2004,11/18/2004,8/29/2004,11/4/2004
1/10/2005,12/18/2004,9/28/2004,12/4/2004
2/8/2005,1/16/2005,10/27/2004,1/3/2005
3/10/2005,2/15/2005,11/26/2004,2/1/2005
4/8/2005,3/17/2005,12/26/2004,3/3/2005
5/8/2005,4/16/2005,1/25/2005,4/1/2005
6/6/2005,5/16/2005,2/23/2005,4/30/2005
7/6/2005,6/14/2005,3/25/2005,5/30/2005
8/4/2005,7/14/2005,4/24/2005,6/28/2005
9/3/2005,8/12/2005,5/23/2005,7/27/2005
10/3/2005,9/11/2005,6/21/2005,8/26/2005
11/1/2005,10/10/2005,7/21/2005,9/24/2005
12/1/2005,11/8/2005,8/19/2005,10/24/2005
12/30/2005,12/8/2005,9/17/2005,11/23/2005
1/29/2006,1/6/2006,10/17/2005,12/23/2005
2/27/2006,2/4/2006,11/15/2005,1/22/2006
3/29/2006,3/6/2006,12/15/2005,2/20/2006
4/27/2006,4/5/2006,1/14/2006,3/22/2006
5/26/2006,5/4/2006,2/12/2006,4/20/2006
6/25/2006,6/3/2006,3/14/2006,5/20/2006
7/24/2006,7/3/2006,4/13/2006,6/18/2006
8/23/2006,8/2/2006,5/12/2006,7/17/2006
9/22/2006,8/31/2006,6/11/2006,8/15/2006
10/21/2006,9/30/2006,7/10/2006,9/14/2006
11/20/2006,10/29/2006,8/9/2006,10/13/2006
12/20/2006,11/27/2006,9/7/2006,11/12/2006
1/18/2007,12/27/2006,10/6/2006,12/12/2006
2/17/2007,1/25/2007,11/5/2006,1/11/2007
3/18/2007,2/23/2007,12/4/2006,2/10/2007
4/17/2007,3/25/2007,1/3/2007,3/11/2007
5/16/2007,4/23/2007,2/1/2007,4/10/2007
6/14/2007,5/23/2007,3/3/2007,5/9/2007
7/14/2007,6/22/2007,4/2/2007,6/8/2007
8/12/2007,7/21/2007,5/2/2007,7/7/2007
9/11/2007,8/20/2007,5/31/2007,8/5/2007
10/10/2007,9/19/2007,6/30/2007,9/3/2007
11/9/2007,10/19/2007,7/29/2007,10/3/2007
12/9/2007,11/17/2007,8/28/2007,11/1/2007
1/8/2008,12/17/2007,9/26/2007,12/1/2007
2/6/2008,1/15/2008,10/25/2007,12/30/2007
3/7/2008,2/13/2008,11/24/2007,1/29/2008
4/5/2008,3/14/2008,12/23/2007,2/28/2008
5/5/2008,4/12/2008,1/22/2008,3/29/2008
6/3/2008,5/11/2008,2/20/2008,4/28/2008
7/2/2008,6/10/2008,3/21/2008,5/27/2008
8/1/2008,7/9/2008,4/20/2008,6/26/2008
8/30/2008,8/8/2008,5/19/2008,7/25/2008
9/29/2008,9/7/2008,6/18/2008,8/23/2008
10/28/2008,10/7/2008,7/18/2008,9/21/2008
11/27/2008,11/5/2008,8/16/2008,10/21/2008
12/27/2008,12/5/2008,9/15/2008,11/19/2008
1/25/2009,1/4/2009,10/14/2008,12/19/2008
2/24/2009,2/2/2009,11/12/2008,1/17/2009
3/26/2009,3/3/2009,12/12/2008,2/16/2009
4/24/2009,4/2/2009,1/10/2009,3/18/2009
5/24/2009,5/1/2009,2/9/2009,4/17/2009
6/22/2009,5/30/2009,3/10/2009,5/17/2009
7/21/2009,6/29/2009,4/9/2009,6/15/2009
8/20/2009,7/28/2009,5/8/2009,7/15/2009
9/18/2009,8/27/2009,6/7/2009,8/13/2009
10/17/2009,9/25/2009,7/7/2009,9/11/2009
11/16/2009,10/25/2009,8/5/2009,10/11/2009
12/16/2009,11/24/2009,9/4/2009,11/9/2009
1/14/2010,12/24/2009,10/3/2009,12/8/2009
2/13/2010,1/23/2010,11/2/2009,1/7/2010
3/15/2010,2/21/2010,12/1/2009,2/5/2010
4/14/2010,3/23/2010,12/31/2009,3/7/2010
5/13/2010,4/21/2010,1/29/2010,4/6/2010
6/12/2010,5/20/2010,2/28/2010,5/5/2010
7/11/2010,6/18/2010,3/29/2010,6/4/2010
8/9/2010,7/18/2010,4/28/2010,7/4/2010
9/8/2010,8/16/2010,5/27/2010,8/2/2010
10/7/2010,9/14/2010,6/26/2010,9/1/2010
11/5/2010,10/14/2010,7/25/2010,9/30/2010
12/5/2010,11/13/2010,8/24/2010,10/30/2010
1/4/2011,12/13/2010,9/23/2010,11/28/2010
2/2/2011,1/12/2011,10/22/2010,12/27/2010
3/4/2011,2/10/2011,11/21/2010,1/26/2011
4/3/2011,3/12/2011,12/21/2010,2/24/2011
5/2/2011,4/11/2011,1/19/2011,3/26/2011
6/1/2011,5/10/2011,2/18/2011,4/24/2011
7/1/2011,6/8/2011,3/19/2011,5/24/2011
7/30/2011,7/7/2011,4/17/2011,6/23/2011
8/28/2011,8/6/2011,5/17/2011,7/22/2011
9/27/2011,9/4/2011,6/15/2011,8/21/2011
10/26/2011,10/3/2011,7/14/2011,9/20/2011
11/24/2011,11/2/2011,8/13/2011,10/19/2011
12/24/2011,12/2/2011,9/12/2011,11/18/2011
1/22/2012,1/30/2012,10/11/2011,12/17/2011
2/21/2012,2/29/2012,11/10/2011,1/16/2012
3/22/2012,3/30/2012,12/10/2011,2/14/2012
4/21/2012,4/29/2012,1/8/2012,3/14/2012
5/20/2012,5/28/2012,2/7/2012,4/13/2012
6/19/2012,6/26/2012,3/8/2012,5/12/2012
7/18/2012,7/26/2012,4/6/2012,6/11/2012
8/17/2012,8/24/2012,5/5/2012,7/10/2012
9/15/2012,9/22/2012,6/4/2012,8/9/2012
10/15/2012,10/21/2012,7/3/2012,9/8/2012
11/13/2012,11/20/2012,8/1/2012,10/8/2012
12/13/2012,12/19/2012,8/31/2012,11/6/2012
1/11/2013,12/31/2012,9/29/2012,12/6/2012
2/9/2013,1/18/2013,10/29/2012,1/4/2013
3/11/2013,2/17/2013,11/28/2012,2/3/2013
4/10/2013,3/19/2013,12/28/2012,3/4/2013
5/9/2013,4/18/2013,1/26/2013,4/2/2013
6/8/2013,5/17/2013,2/25/2013,5/2/2013
7/8/2013,6/16/2013,3/27/2013,5/31/2013
8/6/2013,7/15/2013,4/25/2013,6/29/2013
9/5/2013,8/14/2013,5/24/2013,7/29/2013
10/4/2013,9/12/2013,6/23/2013,8/28/2013
11/3/2013,10/11/2013,7/22/2013,9/26/2013
12/2/2013,11/9/2013,8/20/2013,10/26/2013
1/1/2014,12/9/2013,9/19/2013,11/25/2013
1/30/2014,1/7/2014,10/18/2013,12/25/2013
3/1/2014,2/6/2014,11/17/2013,1/23/2014
3/30/2014,3/8/2014,12/17/2013,2/22/2014
4/28/2014,4/7/2014,1/15/2014,3/23/2014
5/28/2014,5/6/2014,2/14/2014,4/22/2014
6/27/2014,6/5/2014,3/16/2014,5/21/2014
7/26/2014,7/5/2014,4/15/2014,6/19/2014
8/25/2014,8/3/2014,5/14/2014,7/18/2014
9/23/2014,9/2/2014,6/12/2014,8/17/2014
10/23/2014,10/1/2014,7/12/2014,9/15/2014
11/22/2014,10/30/2014,8/10/2014,10/15/2014
12/21/2014,11/29/2014,9/8/2014,11/14/2014
1/20/2015,12/28/2014,10/8/2014,12/14/2014
2/18/2015,1/26/2015,11/6/2014,1/13/2015
3/20/2015,2/25/2015,12/6/2014,2/11/2015
4/18/2015,3/27/2015,1/4/2015,3/13/2015
5/17/2015,4/25/2015,2/3/2015,4/11/2015
6/16/2015,5/25/2015,3/5/2015,5/11/2015
7/15/2015,6/24/2015,4/4/2015,6/9/2015
8/14/2015,7/23/2015,5/3/2015,7/8/2015
9/12/2015,8/22/2015,6/2/2015,8/6/2015
10/12/2015,9/21/2015,7/1/2015,9/5/2015
11/11/2015,10/20/2015,7/31/2015,10/4/2015
12/11/2015,11/18/2015,8/29/2015,11/3/2015
1/9/2016,12/18/2015,9/27/2015,12/2/2015
2/8/2016,1/16/2016,10/27/2015,1/1/2016
3/8/2016,2/14/2016,11/25/2015,1/31/2016
4/7/2016,3/15/2016,12/25/2015,3/1/2016
5/6/2016,4/13/2016,1/23/2016,3/31/2016
6/4/2016,5/13/2016,2/22/2016,4/29/2016
7/4/2016,6/12/2016,3/23/2016,5/29/2016
8/2/2016,7/11/2016,4/21/2016,6/27/2016
9/1/2016,8/10/2016,5/21/2016,7/26/2016
9/30/2016,9/9/2016,6/20/2016,8/24/2016
10/30/2016,10/8/2016,7/19/2016,9/23/2016
11/29/2016,11/7/2016,8/18/2016,10/22/2016
12/28/2016,12/7/2016,9/16/2016,11/21/2016
1/27/2017,1/5/2017,10/15/2016,12/20/2016
2/26/2017,2/3/2017,11/14/2016,1/19/2017
3/27/2017,3/5/2017,12/13/2016,2/18/2017
4/26/2017,4/3/2017,1/12/2017,3/20/2017
5/25/2017,5/2/2017,2/10/2017,4/19/2017
6/23/2017,6/1/2017,3/12/2017,5/18/2017
7/23/2017,6/30/2017,4/10/2017,6/17/2017
8/21/2017,7/30/2017,5/10/2017,7/16/2017
9/19/2017,8/29/2017,6/9/2017,8/14/2017
10/19/2017,9/27/2017,7/8/2017,9/12/2017
11/18/2017,10/27/2017,8/7/2017,10/12/2017
12/17/2017,11/26/2017,9/6/2017,11/10/2017
1/16/2018,12/26/2017,10/5/2017,12/9/2017
2/15/2018,1/24/2018,11/3/2017,1/8/2018
3/17/2018,2/23/2018,12/3/2017,2/7/2018
4/15/2018,3/24/2018,1/1/2018,3/9/2018
5/15/2018,4/22/2018,1/31/2018,4/8/2018
6/13/2018,5/21/2018,3/1/2018,5/7/2018
7/12/2018,6/20/2018,3/31/2018,6/6/2018
8/11/2018,7/19/2018,4/29/2018,7/6/2018
9/9/2018,8/18/2018,5/29/2018,8/4/2018
10/8/2018,9/16/2018,6/27/2018,9/2/2018
11/7/2018,10/16/2018,7/27/2018,10/2/2018
12/6/2018,11/15/2018,8/26/2018,10/31/2018
1/5/2019,12/15/2018,9/24/2018,11/29/2018
2/4/2019,1/13/2019,10/24/2018,12/29/2018
3/6/2019,2/12/2019,11/22/2018,1/27/2019
4/5/2019,3/14/2019,12/22/2018,2/26/2019
5/4/2019,4/12/2019,1/20/2019,3/28/2019
6/3/2019,5/11/2019,2/19/2019,4/26/2019
7/2/2019,6/9/2019,3/20/2019,5/26/2019
7/31/2019,7/9/2019,4/19/2019,6/25/2019
8/30/2019,8/7/2019,5/18/2019,7/24/2019
9/28/2019,9/5/2019,6/17/2019,8/23/2019
10/27/2019,10/5/2019,7/16/2019,9/21/2019
11/26/2019,11/4/2019,8/15/2019,10/21/2019
12/25/2019,12/3/2019,9/13/2019,11/19/2019
1/24/2020,1/2/2020,10/13/2019,12/18/2019
2/23/2020,2/1/2020,11/12/2019,1/17/2020
3/24/2020,3/2/2020,12/11/2019,2/15/2020
4/22/2020,4/1/2020,1/10/2020,3/16/2020
5/22/2020,4/30/2020,2/8/2020,4/14/2020
6/20/2020,5/29/2020,3/9/2020,5/14/2020
7/20/2020,6/28/2020,4/7/2020,6/12/2020
8/18/2020,7/27/2020,5/7/2020,7/12/2020
9/17/2020,8/25/2020,6/5/2020,8/11/2020
10/16/2020,9/23/2020,7/4/2020,9/10/2020
11/14/2020,10/23/2020,8/3/2020,10/9/2020
12/14/2020,11/21/2020,9/1/2020,11/8/2020
1/12/2021,12/21/2020,10/1/2020,12/7/2020
2/11/2021,1/20/2021,10/31/2020,1/6/2021
3/13/2021,2/19/2021,11/30/2020,2/4/2021
4/11/2021,3/21/2021,12/29/2020,3/5/2021
5/11/2021,4/20/2021,1/28/2021,4/4/2021
6/10/2021,5/19/2021,2/27/2021,5/3/2021
7/9/2021,6/17/2021,3/28/2021,6/2/2021
8/8/2021,7/17/2021,4/26/2021,7/1/2021
9/6/2021,8/15/2021,5/26/2021,7/31/2021
10/6/2021,9/13/2021,6/24/2021,8/30/2021
11/4/2021,10/12/2021,7/23/2021,9/28/2021
12/3/2021,11/11/2021,8/22/2021,10/28/2021
1/2/2022,12/10/2021,9/20/2021,11/27/2021
1/31/2022,1/9/2022,10/20/2021,12/26/2021
3/2/2022,2/8/2022,11/19/2021,1/25/2022
3/31/2022,3/10/2022,12/18/2021,2/23/2022
4/30/2022,4/8/2022,1/17/2022,3/24/2022
5/30/2022,5/8/2022,2/16/2022,4/23/2022
6/28/2022,6/7/2022,3/18/2022,5/22/2022
7/28/2022,7/6/2022,4/16/2022,6/20/2022
8/27/2022,8/5/2022,5/15/2022,7/20/2022
9/25/2022,9/3/2022,6/14/2022,8/18/2022
10/25/2022,10/2/2022,7/13/2022,9/17/2022
11/23/2022,10/31/2022,8/11/2022,10/17/2022
12/23/2022,11/30/2022,9/10/2022,11/16/2022
,12/29/2022,10/9/2022,12/16/2022
,,11/8/2022,
,,12/7/2022,